occupation_id,year,half,wage
37,1991,1,26383
37,1991,2,32305
37,1992,1,47638
37,1992,2,46796
37,1993,1,50709
37,1993,2,44718
37,1994,1,0
37,1994,2,29977
37,1995,2,47737
37,1996,1,52762
37,1996,2,53965
37,1997,1,56477
37,1997,2,62028
37,1998,1,56352
37,1998,2,50308
37,1999,1,46995
37,1999,2,48318
37,2000,1,51318
37,2000,2,53322
37,2001,1,51617
37,2001,2,48994
37,2002,1,49863
37,2002,2,50355
37,2003,1,54463
37,2003,2,54468
37,2004,1,50903
37,2004,2,52551
37,2005,1,52806
37,2005,2,53063
37,2006,1,53900
37,2006,2,54234
37,2007,1,55316
37,2007,2,57869
37,2008,1,66063
37,2008,2,64238
37,2009,1,69527
37,2009,2,69954
37,2010,1,84404
37,2010,2,89835
37,2011,1,92956
37,2011,2,95366
37,2012,1,97283
37,2012,2,92512
37,2013,1,97951
37,2013,2,100936
37,2014,1,102334
37,2014,2,106569
37,2015,1,108245
37,2015,2,111771
37,2016,1,115272
37,2016,2,120716
37,2017,1,123074
37,2017,2,127391
37,2018,1,133417
37,2018,2,141507
37,2019,1,152019
37,2019,2,155599
37,2020,1,166063
37,2020,2,167926
37,2021,1,179203
37,2021,2,181293
37,2022,1,187435
37,2022,2,192375
37,2023,1,197450
37,2023,2,208527
37,2024,1,214222
37,2024,2,219321
148,1991,1,36871
148,1991,2,46615
148,1992,1,50862
148,1992,2,48818
148,1993,1,47325
148,1993,2,51837
148,1994,1,54935
148,1994,2,47393
148,1995,2,58232
148,1996,1,63841
148,1996,2,64898
148,1997,1,64829
148,1997,2,65138
148,1998,1,66162
148,1998,2,61043
148,1999,1,56563
148,1999,2,55718
148,2000,1,51776
148,2000,2,55960
148,2001,1,53621
148,2001,2,55545
148,2002,1,55664
148,2002,2,66561
148,2003,1,74970
148,2003,2,78506
148,2004,1,82618
148,2004,2,86478
148,2005,1,86080
148,2005,2,85388
148,2006,1,81895
148,2006,2,83652
148,2007,1,85461
148,2007,2,87926
148,2008,1,88407
148,2008,2,92176
148,2009,1,91294
148,2009,2,91260
148,2010,1,91121
148,2010,2,96641
148,2011,1,97457
148,2011,2,101494
148,2012,1,107183
148,2012,2,110390
148,2013,1,117090
148,2013,2,121799
148,2014,1,128451
148,2014,2,126072
148,2015,1,132695
148,2015,2,133792
148,2016,1,139607
148,2016,2,147229
148,2017,1,151907
148,2017,2,157823
148,2018,1,163191
148,2018,2,175176
148,2019,1,187530
148,2019,2,195972
148,2020,1,199185
148,2020,2,205617
148,2021,1,217409
148,2021,2,219260
148,2022,1,224380
148,2022,2,234564
148,2023,1,236675
148,2023,2,242050
148,2024,1,248238
148,2024,2,249088
333,1991,1,35693
333,1991,2,38541
333,1992,1,41090
333,1992,2,48028
333,1993,1,42988
333,1993,2,44814
333,1994,1,46046
333,1994,2,42386
333,1995,2,50023
333,1996,1,59541
333,1996,2,57719
333,1997,1,63505
333,1997,2,62029
333,1998,1,65647
333,1998,2,58035
333,1999,1,55318
333,1999,2,55655
333,2000,1,56652
333,2000,2,60072
333,2001,1,58429
333,2001,2,59368
333,2002,1,65205
333,2002,2,71143
333,2003,1,81464
333,2003,2,81363
333,2004,1,81707
333,2004,2,81729
333,2005,1,81570
333,2005,2,81639
333,2006,1,83138
333,2006,2,88219
333,2007,1,85979
333,2007,2,83859
333,2008,1,84868
333,2008,2,90281
333,2009,1,92773
333,2009,2,88710
333,2010,1,91121
333,2010,2,96641
333,2011,1,97457
333,2011,2,101494
333,2012,1,107183
333,2012,2,110390
333,2013,1,117090
333,2013,2,121799
333,2014,1,128451
333,2014,2,126072
333,2015,1,132695
333,2015,2,133792
333,2016,1,139607
333,2016,2,147229
333,2017,1,151907
333,2017,2,157823
333,2018,1,163191
333,2018,2,175176
333,2019,1,187530
333,2019,2,195972
333,2020,1,199185
333,2020,2,205617
333,2021,1,217409
333,2021,2,219260
333,2022,1,224380
333,2022,2,234564
333,2023,1,236675
333,2023,2,242050
333,2024,1,248238
333,2024,2,249088
370,1991,1,33733
370,1991,2,38337
370,1992,1,50408
370,1992,2,51484
370,1993,1,46208
370,1993,2,44404
370,1994,1,47378
370,1994,2,49310
370,1995,2,56756
370,1996,1,59963
370,1996,2,65939
370,1997,1,64162
370,1997,2,59851
444,2010,1,118515
444,2010,2,117090
444,2011,1,120681
444,2011,2,123972
444,2012,1,126924
444,2012,2,136740
444,2013,1,141535
444,2013,2,150673
444,2014,1,149852
444,2014,2,153958
444,2015,1,158014
444,2015,2,161990
444,2016,1,167860
444,2016,2,175367
444,2017,1,180153
444,2017,2,187771
444,2018,1,196261
444,2018,2,208195
444,2019,1,224359
444,2019,2,228462
444,2020,1,234297
444,2020,2,236858
444,2021,1,247977
444,2021,2,254117
444,2022,1,262297
444,2022,2,269039
444,2023,1,278151
444,2023,2,281721
444,2024,1,280472
444,2024,2,282352
518,2010,1,100730
518,2010,2,101932
518,2011,1,104308
518,2011,2,105805
518,2012,1,114466
518,2012,2,107506
518,2013,1,115082
518,2013,2,132235
518,2014,1,132373
518,2014,2,143562
518,2015,1,151091
518,2015,2,152831
518,2016,1,160431
518,2016,2,168448
518,2017,1,174036
518,2017,2,179290
518,2018,1,189303
518,2018,2,197929
518,2019,1,201951
518,2019,2,207239
518,2020,1,215964
518,2020,2,220808
518,2021,1,226280
518,2021,2,230766
518,2022,1,242138
518,2022,2,246376
518,2023,1,259126
518,2023,2,274955
518,2024,1,274978
518,2024,2,275108
592,1991,1,40404
592,1991,2,53580
592,1992,1,49743
592,1992,2,51625
592,1993,1,56763
592,1993,2,55027
592,1994,1,43731
592,1994,2,60827
592,1995,2,65912
592,1996,1,71899
592,1996,2,69294
592,1997,1,71541
592,1997,2,73827
592,1998,1,73288
592,1998,2,64317
592,1999,1,61897
592,1999,2,60632
592,2000,1,61553
592,2000,2,61167
592,2001,1,63567
592,2001,2,61878
592,2002,1,62612
592,2002,2,73307
592,2003,1,81817
592,2003,2,85233
592,2004,1,86484
592,2004,2,90122
592,2005,1,87596
592,2005,2,85899
592,2006,1,84240
592,2006,2,84617
592,2007,1,87729
592,2007,2,88020
592,2008,1,85979
592,2008,2,87746
592,2009,1,92669
592,2009,2,91588
592,2010,1,95916
592,2010,2,100263
592,2011,1,102200
592,2011,2,104754
592,2012,1,109297
592,2012,2,117597
592,2013,1,116217
592,2013,2,120532
592,2014,1,122344
592,2014,2,119163
592,2015,1,125105
592,2015,2,126631
592,2016,1,135009
592,2016,2,143356
592,2017,1,148121
592,2017,2,153959
592,2018,1,161334
592,2018,2,172091
592,2019,1,185725
592,2019,2,192633
592,2020,1,209720
592,2020,2,210537
592,2021,1,217664
592,2021,2,219340
592,2022,1,222862
592,2022,2,233781
592,2023,1,242636
592,2023,2,250950
592,2024,1,260473
592,2024,2,269836
629,1991,1,40284
629,1991,2,37640
629,1992,1,31333
629,1992,2,35226
629,1993,1,46990
629,1993,2,42182
629,1994,1,0
629,1994,2,49754
629,1995,2,56372
629,1996,1,63854
629,1996,2,64323
629,1997,1,62112
629,1997,2,70848
629,1998,1,61291
629,1998,2,57334
629,1999,1,56942
629,1999,2,55205
629,2000,1,57286
629,2000,2,56981
629,2001,1,55132
629,2001,2,60197
629,2002,1,58386
629,2002,2,64192
629,2003,1,71966
629,2003,2,75677
629,2004,1,81450
629,2004,2,78445
629,2005,1,81362
629,2005,2,81865
629,2006,1,85266
629,2006,2,86192
629,2007,1,90626
629,2007,2,88153
629,2008,1,85103
629,2008,2,92945
629,2009,1,91608
629,2009,2,91957
1369,1991,1,0
1369,1991,2,22737
1369,1992,1,30097
1369,1992,2,0
1369,1993,1,29091
1369,1993,2,29371
1369,1994,1,60000
1369,1994,2,33895
1369,1995,2,32868
1369,1996,1,32352
1369,1996,2,34873
1369,1997,1,39804
1369,1997,2,38773
1369,1998,1,41290
1369,1998,2,44036
1369,1999,1,41224
1369,1999,2,40511
1369,2000,1,41597
1369,2000,2,41261
1369,2001,1,42925
1369,2001,2,44195
1369,2002,1,39737
1369,2002,2,0
1369,2003,1,40355
1369,2003,2,0
1369,2004,1,49639
1369,2004,2,50283
1369,2005,1,52495
1369,2005,2,53112
1369,2006,1,54507
1369,2006,2,54848
1369,2007,1,0
1369,2007,2,58099
1369,2008,1,62439
1369,2008,2,66264
1369,2009,1,70848
1369,2009,2,70564
1517,1991,1,34293
1517,1991,2,54047
1517,1992,1,40866
1517,1992,2,0
1517,1993,1,49257
1517,1993,2,50441
1517,1994,1,56581
1517,1994,2,58557
1517,1995,2,55714
1517,1996,1,56717
1517,1996,2,54676
1517,1997,1,58149
1517,1997,2,65104
1517,1998,1,67201
1517,1998,2,55736
1517,1999,1,58661
1517,1999,2,61831
1517,2000,1,58398
1517,2000,2,61016
1517,2001,1,64144
1517,2001,2,63629
1517,2002,1,65262
1517,2002,2,75250
1517,2003,1,78637
1517,2003,2,78694
1517,2004,1,86402
1517,2004,2,85937
1517,2005,1,88287
1517,2005,2,86048
1517,2006,1,84916
1517,2006,2,89637
1517,2007,1,85787
1517,2007,2,85832
1517,2008,1,86478
1517,2008,2,91769
1517,2009,1,90331
1517,2009,2,91303
1517,2010,1,108464
1517,2010,2,108866
1517,2011,1,110123
1517,2011,2,115090
1517,2012,1,118003
1517,2012,2,123164
1517,2013,1,118754
1517,2013,2,128244
1517,2014,1,129095
1517,2014,2,129940
1517,2015,1,134516
1517,2015,2,138252
1517,2016,1,143509
1517,2016,2,153849
1517,2017,1,157183
1517,2017,2,163001
1517,2018,1,169201
1517,2018,2,180350
1517,2019,1,198711
1517,2019,2,209394
1517,2020,1,223094
1517,2020,2,224357
1517,2021,1,225966
1517,2021,2,230706
1517,2022,1,234564
1517,2022,2,238739
1517,2023,1,249748
1517,2023,2,262551
1517,2024,1,267021
1517,2024,2,270724
1591,1991,1,33146
1591,1991,2,29209
1591,1992,1,42552
1591,1992,2,36541
1591,1993,1,35994
1591,1993,2,50767
1591,1994,1,46261
1591,1994,2,44658
1591,1995,2,44584
1591,1996,1,50222
1591,1996,2,48972
1591,1997,1,45887
1591,1997,2,50958
1591,1998,1,58626
1591,1998,2,53721
1591,1999,1,50288
1591,1999,2,50970
1591,2000,1,48651
1591,2000,2,48022
1591,2001,1,47958
1591,2001,2,46378
1591,2002,1,51152
1591,2002,2,57812
1591,2003,1,65692
1591,2003,2,64752
1591,2004,1,68006
1591,2004,2,71899
1591,2005,1,74595
1591,2005,2,75681
1591,2006,1,77400
1591,2006,2,79682
1591,2007,1,79215
1591,2007,2,81883
1591,2008,1,83739
1591,2008,2,80455
1591,2009,1,85532
1591,2009,2,83862
1702,1991,1,33940
1702,1991,2,35263
1702,1992,1,0
1702,1992,2,0
1702,1993,1,46999
1702,1993,2,33128
1702,1994,1,37748
1702,1994,2,38787
1702,1995,2,37108
1702,1996,1,41218
1702,1996,2,45778
1702,1997,1,49339
1702,1997,2,49506
1702,1998,1,53688
1702,1998,2,32014
1702,1999,1,43854
1702,1999,2,43582
1702,2000,1,44577
1702,2000,2,44544
1702,2001,1,40995
1702,2001,2,40152
1702,2002,1,40705
1702,2002,2,48339
1702,2003,1,55397
1702,2003,2,54684
1702,2004,1,58649
1702,2004,2,61063
1702,2005,1,59010
1702,2005,2,59978
1702,2006,1,64171
1702,2006,2,66116
1702,2007,1,69291
1702,2007,2,69214
1702,2008,1,71000
1702,2008,2,72136
1702,2009,1,75915
1702,2009,2,72516
1702,2010,1,78676
1702,2010,2,82036
1702,2011,1,84508
1702,2011,2,87687
1702,2012,1,88637
1702,2012,2,92694
1702,2013,1,95261
1702,2013,2,101122
1702,2014,1,103497
1702,2014,2,99380
1702,2015,1,98132
1702,2015,2,102144
1702,2016,1,105790
1702,2016,2,110194
1702,2017,1,112847
1702,2017,2,116344
1702,2018,1,120416
1702,2018,2,127124
1702,2019,1,133863
1702,2019,2,140220
1702,2020,1,140722
1702,2020,2,144651
1702,2021,1,152740
1702,2021,2,153674
1702,2022,1,160048
1702,2022,2,162577
1702,2023,1,165635
1702,2023,2,171630
1702,2024,1,176618
1702,2024,2,178077
1924,1991,1,29203
1924,1991,2,37576
1924,1992,1,33073
1924,1992,2,30780
1924,1993,1,30428
1924,1993,2,32300
1924,1994,1,33622
1924,1994,2,42185
1924,1995,2,49795
1924,1996,1,53524
1924,1996,2,56005
1924,1997,1,55504
1924,1997,2,50559
1924,1998,1,58506
1924,1998,2,47571
1924,1999,1,44848
1924,1999,2,50942
1924,2000,1,50453
1924,2000,2,49167
1924,2001,1,51058
1924,2001,2,48997
1924,2002,1,46927
1924,2002,2,57703
1924,2003,1,59021
1924,2003,2,62558
1924,2004,1,62981
1924,2004,2,67328
1924,2005,1,65038
1924,2005,2,65929
1924,2006,1,69577
1924,2006,2,68369
1924,2007,1,65864
1924,2007,2,67779
1924,2008,1,69562
1924,2008,2,74978
1924,2009,1,78731
1924,2009,2,79255
1961,1991,1,17524
1961,1991,2,27027
1961,1992,1,21340
1961,1992,2,20210
1961,1993,1,22100
1961,1993,2,21028
1961,1994,1,29600
1961,1994,2,27764
1961,1995,2,31625
1961,1996,1,35323
1961,1996,2,35962
1961,1997,1,34234
1961,1997,2,35894
1961,1998,1,38777
1961,1998,2,32619
1961,1999,1,33985
1961,1999,2,36017
1961,2000,1,34386
1961,2000,2,34305
1961,2001,1,32808
1961,2001,2,31559
1961,2002,1,33274
1961,2002,2,38824
1961,2003,1,42620
1961,2003,2,44147
1961,2004,1,44666
1961,2004,2,46438
1961,2005,1,45716
1961,2005,2,46250
1961,2006,1,47743
1961,2006,2,49815
1961,2007,1,52392
1961,2007,2,51466
1961,2008,1,53912
1961,2008,2,58426
1961,2009,1,58966
1961,2009,2,58477
1998,1991,1,18814
1998,1991,2,20174
1998,1992,1,19987
1998,1992,2,19206
1998,1993,1,18480
1998,1993,2,23016
1998,1994,1,24542
1998,1994,2,24027
1998,1995,2,25116
1998,1996,1,28115
1998,1996,2,32570
1998,1997,1,33929
1998,1997,2,31106
1998,1998,1,32725
1998,1998,2,32690
1998,1999,1,26699
1998,1999,2,29586
1998,2000,1,29428
1998,2000,2,31115
1998,2001,1,29562
1998,2001,2,31179
1998,2002,1,30212
1998,2002,2,31786
1998,2003,1,36149
1998,2003,2,38098
1998,2004,1,38725
1998,2004,2,38861
1998,2005,1,38903
1998,2005,2,39817
1998,2006,1,42022
1998,2006,2,40269
1998,2007,1,41661
1998,2007,2,40820
1998,2008,1,43396
1998,2008,2,46477
1998,2009,1,51040
1998,2009,2,50285
2664,1991,1,40000
2664,1991,2,56141
2664,1992,1,65018
2664,1992,2,62496
2664,1993,1,52795
2664,1993,2,54968
2664,1994,1,57407
2664,1994,2,56625
2664,1995,2,56706
2664,1996,1,56907
2664,1996,2,57859
2664,1997,1,58119
2664,1997,2,61251
2664,1998,1,64758
2664,1998,2,63010
2664,1999,1,64408
2664,1999,2,61735
2664,2000,1,61182
2664,2000,2,65233
2664,2001,1,65769
2664,2001,2,65052
2664,2002,1,67725
2664,2002,2,70798
2664,2003,1,77076
2664,2003,2,79926
2664,2004,1,75609
2664,2004,2,73434
2664,2005,1,74772
2664,2005,2,72756
2664,2006,1,77443
2664,2006,2,77108
2664,2007,1,78738
2664,2007,2,82424
2664,2008,1,86378
2664,2008,2,92895
2664,2009,1,90995
2664,2009,2,91974
2812,1991,1,0
2812,1991,2,0
2812,1992,1,0
2812,1992,2,0
2812,1993,1,0
2812,1993,2,0
2812,1994,1,0
2812,1994,2,0
2812,1995,2,0
2812,1996,1,0
2812,1996,2,0
2812,1997,1,0
2812,1997,2,0
2812,1998,1,56951
2812,1998,2,52855
2812,1999,1,53715
2812,1999,2,55024
2812,2000,1,56517
2812,2000,2,56369
2812,2001,1,55245
2812,2001,2,57633
2812,2002,1,56603
2812,2002,2,60505
2812,2003,1,81246
2812,2003,2,79113
2812,2004,1,78015
2812,2004,2,77604
2812,2005,1,77606
2812,2005,2,76364
2812,2006,1,77953
2812,2006,2,78468
2812,2007,1,80166
2812,2007,2,82124
2812,2008,1,86771
2812,2008,2,90462
2812,2009,1,95508
2812,2009,2,96164
2886,1991,1,25371
2886,1991,2,32955
2886,1992,1,36726
2886,1992,2,32809
2886,1993,1,34436
2886,1993,2,43332
2886,1994,1,38099
2886,1994,2,40190
2886,1995,2,41152
2886,1996,1,43017
2886,1996,2,47888
2886,1997,1,44779
2886,1997,2,51708
2886,1998,1,51077
2886,1998,2,53159
2886,1999,1,49633
2886,1999,2,51326
2886,2000,1,53633
2886,2000,2,53094
2886,2001,1,54064
2886,2001,2,55534
2886,2002,1,55214
2886,2002,2,55729
2886,2003,1,61857
2886,2003,2,64701
2886,2004,1,63443
2886,2004,2,65217
2886,2005,1,65086
2886,2005,2,65442
2886,2006,1,66286
2886,2006,2,68230
2886,2007,1,67192
2886,2007,2,68903
2886,2008,1,70950
2886,2008,2,73110
2886,2009,1,79737
2886,2009,2,80337
2923,1991,1,31275
2923,1991,2,32260
2923,1992,1,36048
2923,1992,2,33377
2923,1993,1,36974
2923,1993,2,32086
2923,1994,1,51142
2923,1994,2,36826
2923,1995,2,41444
2923,1996,1,41899
2923,1996,2,48780
2923,1997,1,48031
2923,1997,2,53634
2923,1998,1,54325
2923,1998,2,45276
2923,1999,1,45575
2923,1999,2,47548
2923,2000,1,47972
2923,2000,2,47371
2923,2001,1,47406
2923,2001,2,48859
2923,2002,1,47653
2923,2002,2,53154
2923,2003,1,59707
2923,2003,2,60879
2923,2004,1,61525
2923,2004,2,62251
2923,2005,1,62252
2923,2005,2,61373
2923,2006,1,63226
2923,2006,2,62728
2923,2007,1,64667
2923,2007,2,67088
2923,2008,1,65671
2923,2008,2,71349
2923,2009,1,69388
2923,2009,2,70204
2960,1991,1,0
2960,1991,2,0
2960,1992,1,0
2960,1992,2,0
2960,1993,1,0
2960,1993,2,0
2960,1994,1,0
2960,1994,2,0
2960,1995,2,0
2960,1996,1,0
2960,1996,2,0
2960,1997,1,0
2960,1997,2,0
2960,1998,1,42762
2960,1998,2,39194
2960,1999,1,40706
2960,1999,2,40627
2960,2000,1,42524
2960,2000,2,44521
2960,2001,1,43082
2960,2001,2,44975
2960,2002,1,43994
2960,2002,2,50520
2960,2003,1,53719
2960,2003,2,51861
2960,2004,1,49488
2960,2004,2,50268
2960,2005,1,51211
2960,2005,2,50528
2960,2006,1,52731
2960,2006,2,55000
2960,2007,1,53305
2960,2007,2,52537
2960,2008,1,52471
2960,2008,2,53053
2960,2009,1,55282
2960,2009,2,55784
2997,1991,1,26837
2997,1991,2,31570
2997,1992,1,46048
2997,1992,2,39346
2997,1993,1,46535
2997,1993,2,47425
2997,1994,1,50800
2997,1994,2,39571
2997,1995,2,53028
2997,1996,1,68981
2997,1996,2,62082
2997,1997,1,66877
2997,1997,2,67166
2997,1998,1,63950
2997,1998,2,63746
2997,1999,1,67380
2997,1999,2,67061
2997,2000,1,64343
2997,2000,2,64242
2997,2001,1,64818
2997,2001,2,63465
2997,2002,1,65527
2997,2002,2,75129
2997,2003,1,83989
2997,2003,2,85000
2997,2004,1,87190
2997,2004,2,82137
2997,2005,1,79136
2997,2005,2,79981
2997,2006,1,86732
2997,2006,2,85941
2997,2007,1,87803
2997,2007,2,89589
2997,2008,1,91731
2997,2008,2,96955
2997,2009,1,0
2997,2009,2,96894
2997,2010,1,80558
2997,2010,2,78945
2997,2011,1,79138
2997,2011,2,81609
2997,2012,1,83617
2997,2012,2,89177
2997,2013,1,91692
2997,2013,2,93160
2997,2014,1,100991
2997,2014,2,102894
2997,2015,1,107255
2997,2015,2,107317
2997,2016,1,108000
2997,2016,2,0
2997,2017,1,110424
2997,2017,2,114850
2997,2018,1,118553
2997,2018,2,125707
2997,2019,1,130194
2997,2019,2,137972
2997,2020,1,142201
2997,2020,2,148607
2997,2021,1,148607
2997,2021,2,148176
2997,2022,1,160646
2997,2022,2,0
2997,2023,1,175538
2997,2023,2,191869
2997,2024,1,0
2997,2024,2,204255
3034,1991,1,22322
3034,1991,2,22620
3034,1992,1,37293
3034,1992,2,35535
3034,1993,1,38352
3034,1993,2,34851
3034,1994,1,45156
3034,1994,2,47189
3034,1995,2,46915
3034,1996,1,48752
3034,1996,2,46666
3034,1997,1,45857
3034,1997,2,55984
3034,1998,1,49346
3034,1998,2,54986
3034,1999,1,52274
3034,1999,2,52777
3034,2000,1,49156
3034,2000,2,50686
3034,2001,1,48040
3034,2001,2,48348
3034,2002,1,49165
3034,2002,2,50810
3034,2003,1,58642
3034,2003,2,58537
3034,2004,1,62006
3034,2004,2,60465
3034,2005,1,58491
3034,2005,2,59008
3034,2006,1,63645
3034,2006,2,66057
3034,2007,1,66016
3034,2007,2,69456
3034,2008,1,68343
3034,2008,2,72990
3034,2009,1,73337
3034,2009,2,74567
3034,2010,1,80558
3034,2010,2,78945
3034,2011,1,79138
3034,2011,2,81609
3034,2012,1,83617
3034,2012,2,89177
3034,2013,1,91692
3034,2013,2,93160
3034,2014,1,100991
3034,2014,2,102894
3034,2015,1,107255
3034,2015,2,107317
3034,2016,1,108000
3034,2016,2,0
3034,2017,1,110424
3034,2017,2,114850
3034,2018,1,118553
3034,2018,2,125707
3034,2019,1,130194
3034,2019,2,137972
3034,2020,1,142201
3034,2020,2,148607
3034,2021,1,148607
3034,2021,2,148176
3034,2022,1,160646
3034,2022,2,0
3034,2023,1,175538
3034,2023,2,191869
3034,2024,1,0
3034,2024,2,204255
3071,1991,1,19956
3071,1991,2,18140
3071,1992,1,25185
3071,1992,2,31470
3071,1993,1,33988
3071,1993,2,30991
3071,1994,1,34222
3071,1994,2,41423
3071,1995,2,40155
3071,1996,1,38308
3071,1996,2,41003
3071,1997,1,37353
3071,1997,2,42542
3071,1998,1,40088
3071,1998,2,45267
3071,1999,1,41303
3071,1999,2,41914
3071,2000,1,38787
3071,2000,2,40188
3071,2001,1,40659
3071,2001,2,42756
3071,2002,1,43883
3071,2002,2,48112
3071,2003,1,48000
3071,2003,2,0
3071,2004,1,40913
3071,2004,2,44548
3071,2005,1,45025
3071,2005,2,45600
3071,2006,1,49483
3071,2006,2,0
3071,2007,1,49389
3071,2007,2,49300
3071,2008,1,51861
3071,2008,2,56046
3071,2009,1,0
3071,2009,2,0
3071,2010,1,68965
3071,2010,2,70497
3071,2011,1,72415
3071,2011,2,74008
3071,2012,1,75608
3071,2012,2,80732
3071,2013,1,81443
3071,2013,2,83975
3071,2014,1,84166
3071,2014,2,86686
3071,2015,1,87805
3071,2015,2,89566
3071,2016,1,94338
3071,2016,2,99882
3071,2017,1,102628
3071,2017,2,106846
3071,2018,1,109819
3071,2018,2,118130
3071,2019,1,125427
3071,2019,2,130264
3071,2020,1,138290
3071,2020,2,138989
3071,2021,1,141096
3071,2021,2,144481
3071,2022,1,148510
3071,2022,2,153671
3071,2023,1,157068
3071,2023,2,161858
3071,2024,1,165545
3071,2024,2,167081
3145,1991,1,33771
3145,1991,2,27012
3145,1992,1,39653
3145,1992,2,42886
3145,1993,1,48899
3145,1993,2,49828
3145,1994,1,52823
3145,1994,2,49658
3145,1995,2,50236
3145,1996,1,67447
3145,1996,2,64445
3145,1997,1,73526
3145,1997,2,63958
3145,1998,1,70637
3145,1998,2,66667
3145,1999,1,65732
3145,1999,2,72765
3145,2000,1,78016
3145,2000,2,73482
3145,2001,1,70014
3145,2001,2,71301
3145,2002,1,68798
3145,2002,2,76505
3145,2003,1,77395
3145,2003,2,75789
3145,2004,1,80865
3145,2004,2,80527
3145,2005,1,78718
3145,2005,2,79954
3145,2006,1,83881
3145,2006,2,83198
3145,2007,1,77951
3145,2007,2,81856
3145,2008,1,85489
3145,2008,2,90170
3145,2009,1,88597
3145,2009,2,91118
3145,2010,1,86507
3145,2010,2,88436
3145,2011,1,90916
3145,2011,2,90764
3145,2012,1,98825
3145,2012,2,0
3145,2013,1,107692
3145,2013,2,100290
3145,2014,1,110167
3145,2014,2,111883
3145,2015,1,117463
3145,2015,2,120000
3145,2016,1,0
3145,2016,2,0
3145,2017,1,125150
3145,2017,2,129869
3145,2018,1,0
3145,2018,2,141301
3145,2019,1,0
3145,2019,2,140829
3145,2020,1,0
3145,2020,2,168421
3145,2021,1,168421
3145,2021,2,0
3145,2022,1,0
3145,2022,2,0
3145,2023,1,184956
3145,2023,2,204039
3145,2024,1,0
3145,2024,2,0
3256,1991,1,26390
3256,1991,2,21526
3256,1992,1,39774
3256,1992,2,31705
3256,1993,1,48991
3256,1993,2,46051
3256,1994,1,49914
3256,1994,2,43046
3256,1995,2,48067
3256,1996,1,61321
3256,1996,2,54779
3256,1997,1,58712
3256,1997,2,60631
3256,1998,1,63631
3256,1998,2,66000
3256,1999,1,66400
3256,1999,2,62792
3256,2000,1,58341
3256,2000,2,58324
3256,2001,1,56004
3256,2001,2,54471
3256,2002,1,51756
3256,2002,2,55735
3256,2003,1,63981
3256,2003,2,62439
3256,2004,1,63626
3256,2004,2,62934
3256,2005,1,64251
3256,2005,2,64800
3256,2006,1,69814
3256,2006,2,72253
3256,2007,1,71669
3256,2007,2,74800
3256,2008,1,77939
3256,2008,2,83950
3256,2009,1,82800
3256,2009,2,83760
3256,2010,1,86507
3256,2010,2,88436
3256,2011,1,90916
3256,2011,2,90764
3256,2012,1,98825
3256,2012,2,0
3256,2013,1,107692
3256,2013,2,100290
3256,2014,1,110167
3256,2014,2,111883
3256,2015,1,117463
3256,2015,2,120000
3256,2016,1,0
3256,2016,2,0
3256,2017,1,125150
3256,2017,2,129869
3256,2018,1,0
3256,2018,2,141301
3256,2019,1,0
3256,2019,2,140829
3256,2020,1,0
3256,2020,2,168421
3256,2021,1,168421
3256,2021,2,0
3256,2022,1,0
3256,2022,2,0
3256,2023,1,184956
3256,2023,2,204039
3256,2024,1,0
3256,2024,2,0
3293,1991,1,39101
3293,1991,2,36060
3293,1992,1,46389
3293,1992,2,48364
3293,1993,1,52829
3293,1993,2,41737
3293,1994,1,48382
3293,1994,2,49313
3293,1995,2,48776
3293,1996,1,54671
3293,1996,2,58636
3293,1997,1,52520
3293,1997,2,62084
3293,1998,1,67415
3293,1998,2,51838
3293,1999,1,56925
3293,1999,2,52976
3293,2000,1,52839
3293,2000,2,54218
3293,2001,1,54111
3293,2001,2,54468
3293,2002,1,57749
3293,2002,2,66078
3293,2003,1,67007
3293,2003,2,68477
3293,2004,1,69484
3293,2004,2,72326
3293,2005,1,71841
3293,2005,2,72782
3293,2006,1,76814
3293,2006,2,79538
3293,2007,1,81608
3293,2007,2,79763
3293,2008,1,81846
3293,2008,2,85043
3293,2009,1,85723
3293,2009,2,82817
3293,2010,1,86521
3293,2010,2,90102
3293,2011,1,91570
3293,2011,2,94807
3293,2012,1,95011
3293,2012,2,94676
3293,2013,1,100381
3293,2013,2,107755
3293,2014,1,106812
3293,2014,2,112867
3293,2015,1,114481
3293,2015,2,120482
3293,2016,1,124953
3293,2016,2,131319
3293,2017,1,135407
3293,2017,2,140008
3293,2018,1,145131
3293,2018,2,153426
3293,2019,1,166666
3293,2019,2,175669
3293,2020,1,185702
3293,2020,2,191587
3293,2021,1,190522
3293,2021,2,194812
3293,2022,1,199489
3293,2022,2,210486
3293,2023,1,213337
3293,2023,2,232974
3293,2024,1,233722
3293,2024,2,242281
3330,1991,1,28408
3330,1991,2,44976
3330,1992,1,35084
3330,1992,2,35819
3330,1993,1,54123
3330,1993,2,39056
3330,1994,1,40238
3330,1994,2,46852
3330,1995,2,51132
3330,1996,1,50746
3330,1996,2,58644
3330,1997,1,58509
3330,1997,2,56508
3330,1998,1,58906
3330,1998,2,49600
3330,1999,1,49611
3330,1999,2,51297
3330,2000,1,46967
3330,2000,2,47926
3330,2001,1,45607
3330,2001,2,50809
3330,2002,1,49113
3330,2002,2,56132
3330,2003,1,58291
3330,2003,2,61664
3330,2004,1,62214
3330,2004,2,64630
3330,2005,1,65205
3330,2005,2,65477
3330,2006,1,67754
3330,2006,2,70524
3330,2007,1,73626
3330,2007,2,76071
3330,2008,1,74069
3330,2008,2,79128
3330,2009,1,81094
3330,2009,2,81297
3330,2010,1,86521
3330,2010,2,90102
3330,2011,1,91570
3330,2011,2,94807
3330,2012,1,95011
3330,2012,2,94676
3330,2013,1,100381
3330,2013,2,107755
3330,2014,1,106812
3330,2014,2,112867
3330,2015,1,114481
3330,2015,2,120482
3330,2016,1,124953
3330,2016,2,131319
3330,2017,1,135407
3330,2017,2,140008
3330,2018,1,145131
3330,2018,2,153426
3330,2019,1,166666
3330,2019,2,175669
3330,2020,1,185702
3330,2020,2,191587
3330,2021,1,190522
3330,2021,2,194812
3330,2022,1,199489
3330,2022,2,210486
3330,2023,1,213337
3330,2023,2,232974
3330,2024,1,233722
3330,2024,2,242281
3367,1991,1,42105
3367,1991,2,0
3367,1992,1,0
3367,1992,2,52998
3367,1993,1,51595
3367,1993,2,50379
3367,1994,1,64124
3367,1994,2,80457
3367,1995,2,65452
3367,1996,1,68430
3367,1996,2,74388
3367,1997,1,79284
3367,1997,2,89673
3367,1998,1,0
3367,1998,2,0
3367,1999,1,66579
3367,1999,2,60150
3367,2000,1,0
3367,2000,2,60534
3367,2001,1,0
3367,2001,2,60789
3367,2002,1,0
3367,2002,2,62247
3367,2003,1,0
3367,2003,2,0
3367,2004,1,0
3367,2004,2,71394
3367,2005,1,72008
3367,2005,2,0
3367,2006,1,78942
3367,2006,2,0
3367,2007,1,0
3367,2007,2,84785
3367,2008,1,0
3367,2008,2,0
3367,2009,1,0
3367,2009,2,84211
3441,1991,1,0
3441,1991,2,0
3441,1992,1,0
3441,1992,2,0
3441,1993,1,0
3441,1993,2,0
3441,1994,1,0
3441,1994,2,0
3441,1995,2,0
3441,1996,1,0
3441,1996,2,0
3441,1997,1,0
3441,1997,2,0
3441,1998,1,0
3441,1998,2,0
3441,1999,1,0
3441,1999,2,50020
3441,2000,1,54542
3441,2000,2,53359
3441,2001,1,50610
3441,2001,2,46634
3441,2002,1,52142
3441,2002,2,52618
3441,2003,1,57903
3441,2003,2,58923
3441,2004,1,59796
3441,2004,2,61469
3441,2005,1,61181
3441,2005,2,59511
3441,2006,1,60426
3441,2006,2,60962
3441,2007,1,62273
3441,2007,2,64499
3441,2008,1,64129
3441,2008,2,68846
3441,2009,1,72502
3441,2009,2,72055
3478,1991,1,0
3478,1991,2,0
3478,1992,1,0
3478,1992,2,0
3478,1993,1,0
3478,1993,2,0
3478,1994,1,0
3478,1994,2,0
3478,1995,2,0
3478,1996,1,0
3478,1996,2,0
3478,1997,1,0
3478,1997,2,0
3478,1998,1,0
3478,1998,2,0
3478,1999,1,0
3478,1999,2,43794
3478,2000,1,42241
3478,2000,2,41450
3478,2001,1,39180
3478,2001,2,36671
3478,2002,1,41297
3478,2002,2,41970
3478,2003,1,47331
3478,2003,2,50133
3478,2004,1,52266
3478,2004,2,52027
3478,2005,1,53040
3478,2005,2,0
3478,2006,1,54770
3478,2006,2,55319
3478,2007,1,0
3478,2007,2,55000
3478,2008,1,54730
3478,2008,2,59887
3478,2009,1,62979
3478,2009,2,61000
3515,1991,1,26793
3515,1991,2,34617
3515,1992,1,41637
3515,1992,2,36186
3515,1993,1,35651
3515,1993,2,48178
3515,1994,1,43746
3515,1994,2,46918
3515,1995,2,50793
3515,1996,1,49719
3515,1996,2,50738
3515,1997,1,51485
3515,1997,2,56810
3515,1998,1,47867
3515,1998,2,51959
3515,1999,1,48017
3515,1999,2,0
3515,2000,1,0
3515,2000,2,0
3515,2001,1,0
3515,2001,2,0
3515,2002,1,0
3515,2002,2,0
3515,2003,1,0
3515,2003,2,0
3515,2004,1,0
3515,2004,2,0
3515,2005,1,0
3515,2005,2,0
3515,2006,1,0
3515,2006,2,0
3515,2007,1,0
3515,2007,2,0
3515,2008,1,0
3515,2008,2,0
3515,2009,1,0
3515,2009,2,0
3552,1991,1,32602
3552,1991,2,24161
3552,1992,1,34618
3552,1992,2,25934
3552,1993,1,33411
3552,1993,2,30930
3552,1994,1,39904
3552,1994,2,28895
3552,1995,2,39301
3552,1996,1,40889
3552,1996,2,41387
3552,1997,1,39852
3552,1997,2,40464
3552,1998,1,42272
3552,1998,2,39935
3552,1999,1,36857
3552,1999,2,0
3552,2000,1,0
3552,2000,2,0
3552,2001,1,0
3552,2001,2,0
3552,2002,1,0
3552,2002,2,0
3552,2003,1,0
3552,2003,2,0
3552,2004,1,0
3552,2004,2,0
3552,2005,1,0
3552,2005,2,0
3552,2006,1,0
3552,2006,2,0
3552,2007,1,0
3552,2007,2,0
3552,2008,1,0
3552,2008,2,0
3552,2009,1,0
3552,2009,2,0
3589,1991,1,21313
3589,1991,2,0
3589,1992,1,0
3589,1992,2,0
3589,1993,1,32186
3589,1993,2,29720
3589,1994,1,28000
3589,1994,2,26513
3589,1995,2,30798
3589,1996,1,36200
3589,1996,2,39607
3589,1997,1,38667
3589,1997,2,37439
3589,1998,1,0
3589,1998,2,0
3589,1999,1,0
3589,1999,2,0
3589,2000,1,0
3589,2000,2,0
3589,2001,1,0
3589,2001,2,0
3589,2002,1,0
3589,2002,2,0
3589,2003,1,0
3589,2003,2,0
3589,2004,1,0
3589,2004,2,0
3589,2005,1,0
3589,2005,2,0
3589,2006,1,0
3589,2006,2,0
3589,2007,1,0
3589,2007,2,0
3589,2008,1,0
3589,2008,2,0
3589,2009,1,0
3589,2009,2,0
3626,1991,2,0
3626,1992,1,33684
3626,1992,2,24000
3626,1993,1,29800
3626,1993,2,23721
3626,1994,1,30449
3626,1994,2,21135
3626,1995,2,29994
3626,1996,1,32863
3626,1996,2,28374
3626,1997,1,30680
3626,1997,2,32399
3626,1998,1,0
3626,1998,2,0
3626,1999,1,0
3626,1999,2,0
3626,2000,1,0
3626,2000,2,0
3626,2001,1,0
3626,2001,2,0
3626,2002,1,0
3626,2002,2,0
3626,2003,1,0
3626,2003,2,0
3626,2004,1,0
3626,2004,2,0
3626,2005,1,0
3626,2005,2,0
3626,2006,1,0
3626,2006,2,0
3626,2007,1,0
3626,2007,2,0
3626,2008,1,0
3626,2008,2,0
3626,2009,1,0
3626,2009,2,0
3663,1991,1,12643
3663,1991,2,21755
3663,1992,1,22333
3663,1992,2,22103
3663,1993,1,23081
3663,1993,2,22035
3663,1994,1,22705
3663,1994,2,24536
3663,1995,2,26635
3663,1996,1,25797
3663,1996,2,25396
3663,1997,1,28817
3663,1997,2,29065
3663,1998,1,31003
3663,1998,2,31260
3663,1999,1,29231
3663,1999,2,29340
3663,2000,1,31443
3663,2000,2,30537
3663,2001,1,29385
3663,2001,2,32484
3663,2002,1,34308
3663,2002,2,36480
3663,2003,1,37789
3663,2003,2,0
3663,2004,1,40673
3663,2004,2,42308
3663,2005,1,43360
3663,2005,2,0
3663,2006,1,0
3663,2006,2,0
3663,2007,1,0
3663,2007,2,0
3663,2008,1,0
3663,2008,2,0
3663,2009,1,0
3663,2009,2,0
3700,1991,1,0
3700,1991,2,0
3700,1992,1,0
3700,1992,2,0
3700,1993,1,0
3700,1993,2,0
3700,1994,1,0
3700,1994,2,0
3700,1995,2,0
3700,1996,1,0
3700,1996,2,0
3700,1997,1,0
3700,1997,2,0
3700,1998,1,0
3700,1998,2,0
3700,1999,1,0
3700,1999,2,0
3700,2000,1,0
3700,2000,2,0
3700,2001,1,0
3700,2001,2,0
3700,2002,1,0
3700,2002,2,0
3700,2003,1,0
3700,2003,2,0
3700,2004,1,0
3700,2004,2,0
3700,2005,1,0
3700,2005,2,43581
3700,2006,1,0
3700,2006,2,43818
3700,2007,1,48936
3700,2007,2,52364
3700,2008,1,54318
3700,2008,2,0
3700,2009,1,59227
3700,2009,2,56421
3774,1991,1,35537
3774,1991,2,37353
3774,1992,1,38471
3774,1992,2,44390
3774,1993,1,41004
3774,1993,2,39008
3774,1994,1,44549
3774,1994,2,45935
3774,1995,2,47509
3774,1996,1,53826
3774,1996,2,54346
3774,1997,1,66277
3774,1997,2,64474
3774,1998,1,68943
3774,1998,2,56465
3774,1999,1,56248
3774,1999,2,58194
3774,2000,1,60537
3774,2000,2,60061
3774,2001,1,62933
3774,2001,2,61305
3774,2002,1,63308
3774,2002,2,61893
3774,2003,1,69049
3774,2003,2,71725
3774,2004,1,74277
3774,2004,2,75930
3774,2005,1,73732
3774,2005,2,75000
3774,2006,1,80533
3774,2006,2,76455
3774,2007,1,78814
3774,2007,2,84839
3774,2008,1,87658
3774,2008,2,91429
3774,2009,1,98591
3774,2009,2,98910
3774,2010,1,86730
3774,2010,2,84482
3774,2011,1,87190
3774,2011,2,90070
3774,2012,1,88603
3774,2012,2,96913
3774,2013,1,96182
3774,2013,2,100200
3774,2014,1,100659
3774,2014,2,105056
3774,2015,1,108388
3774,2015,2,112186
3774,2016,1,116121
3774,2016,2,122054
3774,2017,1,126874
3774,2017,2,130860
3774,2018,1,137653
3774,2018,2,147452
3774,2019,1,152631
3774,2019,2,164907
3774,2020,1,168742
3774,2020,2,177520
3774,2021,1,181676
3774,2021,2,181078
3774,2022,1,188856
3774,2022,2,189441
3774,2023,1,198718
3774,2023,2,203376
3774,2024,1,207048
3774,2024,2,207557
3811,1991,1,38616
3811,1991,2,40594
3811,1992,1,44649
3811,1992,2,47617
3811,1993,1,48368
3811,1993,2,48138
3811,1994,1,52469
3811,1994,2,51895
3811,1995,2,52064
3811,1996,1,60429
3811,1996,2,60956
3811,1997,1,65529
3811,1997,2,70228
3811,1998,1,74016
3811,1998,2,61021
3811,1999,1,60784
3811,1999,2,59532
3811,2000,1,59048
3811,2000,2,60370
3811,2001,1,58758
3811,2001,2,60389
3811,2002,1,63468
3811,2002,2,69775
3811,2003,1,79947
3811,2003,2,81112
3811,2004,1,82490
3811,2004,2,87771
3811,2005,1,87854
3811,2005,2,89071
3811,2006,1,89422
3811,2006,2,90337
3811,2007,1,92456
3811,2007,2,96295
3811,2008,1,97714
3811,2008,2,101790
3811,2009,1,102522
3811,2009,2,103216
3811,2010,1,108464
3811,2010,2,108866
3811,2011,1,110123
3811,2011,2,115090
3811,2012,1,118003
3811,2012,2,123164
3811,2013,1,118754
3811,2013,2,128244
3811,2014,1,129095
3811,2014,2,129940
3811,2015,1,134516
3811,2015,2,138252
3811,2016,1,143509
3811,2016,2,153849
3811,2017,1,157183
3811,2017,2,163001
3811,2018,1,169201
3811,2018,2,180350
3811,2019,1,198711
3811,2019,2,209394
3811,2020,1,223094
3811,2020,2,224357
3811,2021,1,225966
3811,2021,2,230706
3811,2022,1,234564
3811,2022,2,238739
3811,2023,1,249748
3811,2023,2,262551
3811,2024,1,267021
3811,2024,2,270724
3848,1991,1,31867
3848,1991,2,35050
3848,1992,1,37563
3848,1992,2,37849
3848,1993,1,44191
3848,1993,2,38968
3848,1994,1,40695
3848,1994,2,42678
3848,1995,2,44134
3848,1996,1,45314
3848,1996,2,53919
3848,1997,1,58660
3848,1997,2,58342
3848,1998,1,58041
3848,1998,2,52215
3848,1999,1,48478
3848,1999,2,48376
3848,2000,1,47860
3848,2000,2,48494
3848,2001,1,47697
3848,2001,2,51634
3848,2002,1,52693
3848,2002,2,60059
3848,2003,1,70033
3848,2003,2,71982
3848,2004,1,77551
3848,2004,2,77834
3848,2005,1,76871
3848,2005,2,77757
3848,2006,1,77604
3848,2006,2,77596
3848,2007,1,75664
3848,2007,2,78099
3848,2008,1,82269
3848,2008,2,86792
3848,2009,1,85692
3848,2009,2,81574
3922,1991,1,0
3922,1991,2,58294
3922,1992,1,70000
3922,1992,2,71033
3922,1993,1,73368
3922,1993,2,75876
3922,1994,1,80351
3922,1994,2,78981
3922,1995,2,85818
3922,1996,1,90000
3922,1996,2,90028
3922,1997,1,92000
3922,1997,2,90142
3922,1998,1,93345
3922,1998,2,93072
3922,1999,1,92419
3922,1999,2,91162
3922,2000,1,92241
3922,2000,2,92079
3922,2001,1,92761
3922,2001,2,93594
3922,2002,1,102605
3922,2002,2,113585
3922,2003,1,119506
3922,2003,2,122352
3922,2004,1,129415
3922,2004,2,135750
3922,2005,1,139534
3922,2005,2,142425
3922,2006,1,153293
3922,2006,2,153914
3922,2007,1,159621
3922,2007,2,174288
3922,2008,1,183691
3922,2008,2,191455
3922,2009,1,199890
3922,2009,2,205113
4070,1991,1,29243
4070,1991,2,28881
4070,1992,1,31479
4070,1992,2,33098
4070,1993,1,37482
4070,1993,2,37079
4070,1994,1,37616
4070,1994,2,38889
4070,1995,2,46202
4070,1996,1,48066
4070,1996,2,49876
4070,1997,1,50708
4070,1997,2,53073
4070,1998,1,53062
4070,1998,2,50316
4070,1999,1,48878
4070,1999,2,49865
4070,2000,1,52771
4070,2000,2,53516
4070,2001,1,55223
4070,2001,2,57871
4070,2002,1,60647
4070,2002,2,64073
4070,2003,1,68453
4070,2003,2,73627
4070,2004,1,77799
4070,2004,2,79668
4070,2005,1,80021
4070,2005,2,0
4070,2006,1,0
4070,2006,2,0
4070,2007,1,0
4070,2007,2,0
4070,2008,1,0
4070,2008,2,0
4070,2009,1,0
4070,2009,2,0
4107,1991,1,19037
4107,1991,2,20115
4107,1992,1,21471
4107,1992,2,23843
4107,1993,1,24892
4107,1993,2,24247
4107,1994,1,23659
4107,1994,2,25036
4107,1995,2,30629
4107,1996,1,28851
4107,1996,2,31845
4107,1997,1,32382
4107,1997,2,32372
4107,1998,1,32715
4107,1998,2,34731
4107,1999,1,35131
4107,1999,2,33860
4107,2000,1,37466
4107,2000,2,39603
4107,2001,1,42030
4107,2001,2,44111
4107,2002,1,45735
4107,2002,2,50714
4107,2003,1,54339
4107,2003,2,56108
4107,2004,1,61492
4107,2004,2,63602
4107,2005,1,63884
4107,2005,2,0
4107,2006,1,0
4107,2006,2,0
4107,2007,1,0
4107,2007,2,0
4107,2008,1,0
4107,2008,2,0
4107,2009,1,0
4107,2009,2,0
4144,1991,1,0
4144,1991,2,45120
4144,1992,1,52776
4144,1992,2,58746
4144,1993,1,63864
4144,1993,2,63255
4144,1994,1,68110
4144,1994,2,68376
4144,1995,2,69145
4144,1996,1,72561
4144,1996,2,78858
4144,1997,1,79720
4144,1997,2,80297
4144,1998,1,82913
4144,1998,2,82162
4144,1999,1,83297
4144,1999,2,83505
4144,2000,1,83518
4144,2000,2,80720
4144,2001,1,81821
4144,2001,2,81405
4144,2002,1,82720
4144,2002,2,92856
4144,2003,1,98174
4144,2003,2,98597
4144,2004,1,103042
4144,2004,2,106011
4144,2005,1,106214
4144,2005,2,106918
4144,2006,1,111540
4144,2006,2,112837
4144,2007,1,112166
4144,2007,2,116692
4144,2008,1,123422
4144,2008,2,129565
4144,2009,1,136387
4144,2009,2,137761
4144,2010,1,160012
4144,2010,2,170735
4144,2011,1,173041
4144,2011,2,177071
4144,2012,1,183444
4144,2012,2,191461
4144,2013,1,191839
4144,2013,2,194224
4144,2014,1,196712
4144,2014,2,204329
4144,2015,1,207463
4144,2015,2,210314
4144,2016,1,221946
4144,2016,2,232334
4144,2017,1,240107
4144,2017,2,250248
4144,2018,1,258122
4144,2018,2,281211
4144,2019,1,300441
4144,2019,2,316006
4144,2020,1,322434
4144,2020,2,329985
4144,2021,1,330411
4144,2021,2,332268
4144,2022,1,330981
4144,2022,2,349792
4144,2023,1,354947
4144,2023,2,364183
4144,2024,1,375020
4144,2024,2,381052
4255,1991,1,0
4255,1991,2,46800
4255,1992,1,53210
4255,1992,2,58946
4255,1993,1,64623
4255,1993,2,64821
4255,1994,1,67420
4255,1994,2,67440
4255,1995,2,68417
4255,1996,1,71284
4255,1996,2,75460
4255,1997,1,76241
4255,1997,2,77149
4255,1998,1,80163
4255,1998,2,79138
4255,1999,1,81182
4255,1999,2,81914
4255,2000,1,82349
4255,2000,2,82953
4255,2001,1,85241
4255,2001,2,86879
4255,2002,1,88355
4255,2002,2,103195
4255,2003,1,107074
4255,2003,2,108804
4255,2004,1,111646
4255,2004,2,113736
4255,2005,1,113780
4255,2005,2,114860
4255,2006,1,114597
4255,2006,2,114487
4255,2007,1,120325
4255,2007,2,124452
4255,2008,1,128406
4255,2008,2,136389
4255,2009,1,141376
4255,2009,2,145322
4255,2010,1,166532
4255,2010,2,175429
4255,2011,1,176440
4255,2011,2,186776
4255,2012,1,194219
4255,2012,2,207425
4255,2013,1,211502
4255,2013,2,215253
4255,2014,1,218372
4255,2014,2,222435
4255,2015,1,225925
4255,2015,2,228481
4255,2016,1,240506
4255,2016,2,253927
4255,2017,1,261513
4255,2017,2,273048
4255,2018,1,282126
4255,2018,2,306008
4255,2019,1,316695
4255,2019,2,335062
4255,2020,1,344600
4255,2020,2,354908
4255,2021,1,354793
4255,2021,2,364327
4255,2022,1,377187
4255,2022,2,391265
4255,2023,1,401195
4255,2023,2,423318
4255,2024,1,433747
4255,2024,2,444532
4292,1991,1,0
4292,1991,2,60000
4292,1992,1,78072
4292,1992,2,89093
4292,1993,1,89613
4292,1993,2,101581
4292,1994,1,0
4292,1994,2,120000
4292,1995,2,119087
4292,1996,1,122436
4292,1996,2,144388
4292,1997,1,149536
4292,1997,2,151365
4292,1998,1,149857
4292,1998,2,132875
4292,1999,1,108175
4292,1999,2,109748
4292,2000,1,109868
4292,2000,2,110881
4292,2001,1,105532
4292,2001,2,101131
4292,2002,1,108739
4292,2002,2,112374
4292,2003,1,122519
4292,2003,2,124010
4292,2004,1,126550
4292,2004,2,126819
4292,2005,1,127223
4292,2005,2,127889
4292,2006,1,129486
4292,2006,2,126859
4292,2007,1,131605
4292,2007,2,135951
4292,2008,1,145803
4292,2008,2,150602
4292,2009,1,155434
4292,2009,2,157653
4292,2010,1,170411
4292,2010,2,178381
4292,2011,1,181474
4292,2011,2,192441
4292,2012,1,195695
4292,2012,2,213445
4292,2013,1,214819
4292,2013,2,223842
4292,2014,1,226062
4292,2014,2,236098
4292,2015,1,242548
4292,2015,2,246430
4292,2016,1,259367
4292,2016,2,278477
4292,2017,1,286348
4292,2017,2,297118
4292,2018,1,307477
4292,2018,2,329592
4292,2019,1,332790
4292,2019,2,340232
4292,2020,1,339533
4292,2020,2,360798
4292,2021,1,360206
4292,2021,2,374910
4292,2022,1,388288
4292,2022,2,398214
4292,2023,1,409726
4292,2023,2,430849
4292,2024,1,444142
4292,2024,2,455593
4773,1991,1,60907
4773,1991,2,61000
4773,1992,1,44727
4773,1992,2,46545
4773,1993,1,43636
4773,1993,2,45091
4773,1994,1,50520
4773,1994,2,61095
4773,1995,2,65835
4773,1996,1,64139
4773,1996,2,82054
4773,1997,1,88727
4773,1997,2,85275
4773,1998,1,85331
4773,1998,2,84091
4773,1999,1,85504
4773,1999,2,93015
4773,2000,1,91915
4773,2000,2,93495
4773,2001,1,93197
4773,2001,2,95518
4773,2002,1,96766
4773,2002,2,101018
4773,2003,1,107985
4773,2003,2,107250
4773,2004,1,99434
4773,2004,2,0
4773,2005,1,98816
4773,2005,2,101123
4773,2006,1,113767
4773,2006,2,119880
4773,2007,1,128327
4773,2007,2,134270
4773,2008,1,141582
4773,2008,2,142897
4773,2009,1,142019
4773,2009,2,132694
4773,2010,1,136587
4773,2010,2,144674
4773,2011,1,148074
4773,2011,2,155151
4773,2012,1,155819
4773,2012,2,157877
4773,2013,1,172716
4773,2013,2,180976
4773,2014,1,184655
4773,2014,2,191518
4773,2015,1,199445
4773,2015,2,207691
4773,2016,1,215183
4773,2016,2,228165
4773,2017,1,236621
4773,2017,2,234786
4773,2018,1,227813
4773,2018,2,240654
4773,2019,1,255579
4773,2019,2,249688
4773,2020,1,252529
4773,2020,2,263753
4773,2021,1,266618
4773,2021,2,271268
4773,2022,1,289075
4773,2022,2,296124
4773,2023,1,296392
4773,2023,2,292829
4773,2024,1,310129
4773,2024,2,318247
4884,1991,1,57770
4884,1991,2,58000
4884,1992,1,44364
4884,1992,2,45091
4884,1993,1,41818
4884,1993,2,42182
4884,1994,1,54909
4884,1994,2,59060
4884,1995,2,64261
4884,1996,1,62686
4884,1996,2,70397
4884,1997,1,76473
4884,1997,2,72094
4884,1998,1,104350
4884,1998,2,84386
4884,1999,1,88404
4884,1999,2,84402
4884,2000,1,81702
4884,2000,2,85120
4884,2001,1,85736
4884,2001,2,87579
4884,2002,1,90726
4884,2002,2,90880
4884,2003,1,92497
4884,2003,2,93200
4884,2004,1,89006
4884,2004,2,0
4884,2005,1,0
4884,2005,2,0
4884,2006,1,0
4884,2006,2,0
4884,2007,1,0
4884,2007,2,117860
4884,2008,1,0
4884,2008,2,0
4884,2009,1,116586
4884,2009,2,0
4884,2010,1,0
4884,2010,2,116491
4884,2011,1,113986
4884,2011,2,0
4884,2012,1,124424
4884,2012,2,0
4884,2013,1,0
4884,2013,2,0
4884,2014,1,131657
4884,2014,2,137752
4884,2015,1,141804
4884,2015,2,0
4884,2016,1,148990
4884,2016,2,0
4884,2017,1,152204
4884,2017,2,0
4884,2018,1,160714
4884,2018,2,0
4884,2019,1,161831
4884,2019,2,160300
4884,2020,1,168365
4884,2020,2,178111
4884,2021,1,183708
4884,2021,2,0
4884,2022,1,0
4884,2022,2,0
4884,2023,1,0
4884,2023,2,196957
4884,2024,1,210034
4884,2024,2,0
4921,1991,1,60635
4921,1991,2,61500
4921,1992,1,44582
4921,1992,2,45673
4921,1993,1,44364
4921,1993,2,45091
4921,1994,1,50435
4921,1994,2,38220
4921,1995,2,50047
4921,1996,1,57920
4921,1996,2,64156
4921,1997,1,71541
4921,1997,2,69263
4921,1998,1,76379
4921,1998,2,79640
4921,1999,1,76226
4921,1999,2,80957
4921,2000,1,81702
4921,2000,2,85933
4921,2001,1,85224
4921,2001,2,81226
4921,2002,1,85710
4921,2002,2,82666
4921,2003,1,85747
4921,2003,2,84818
4921,2004,1,86371
4921,2004,2,79544
4921,2005,1,0
4921,2005,2,0
4921,2006,1,0
4921,2006,2,0
4921,2007,1,0
4921,2007,2,0
4921,2008,1,0
4921,2008,2,0
4921,2009,1,92624
4921,2009,2,0
4921,2010,1,125905
4921,2010,2,131115
4921,2011,1,126004
4921,2011,2,134336
4921,2012,1,132884
4921,2012,2,145093
4921,2013,1,146253
4921,2013,2,149292
4921,2014,1,151437
4921,2014,2,159019
4921,2015,1,169175
4921,2015,2,174450
4921,2016,1,181919
4921,2016,2,186570
4921,2017,1,194858
4921,2017,2,193931
4921,2018,1,202953
4921,2018,2,208835
4921,2019,1,218174
4921,2019,2,210021
4921,2020,1,215389
4921,2020,2,218683
4921,2021,1,208513
4921,2021,2,220871
4921,2022,1,228994
4921,2022,2,232031
4921,2023,1,236086
4921,2023,2,242760
4921,2024,1,249947
4921,2024,2,253759
4958,1991,1,61831
4958,1991,2,60000
4958,1992,1,45091
4958,1992,2,46691
4958,1993,1,43636
4958,1993,2,43636
4958,1994,1,55273
4958,1994,2,59828
4958,1995,2,63624
4958,1996,1,62945
4958,1996,2,72748
4958,1997,1,77606
4958,1997,2,90248
4958,1998,1,85474
4958,1998,2,66411
4958,1999,1,61338
4958,1999,2,68504
4958,2000,1,76596
4958,2000,2,81920
4958,2001,1,79698
4958,2001,2,86496
4958,2002,1,87150
4958,2002,2,89087
4958,2003,1,90833
4958,2003,2,95200
4958,2004,1,95940
4958,2004,2,0
4958,2005,1,96837
4958,2005,2,99036
4958,2006,1,106148
4958,2006,2,112308
4958,2007,1,115896
4958,2007,2,121377
4958,2008,1,131198
4958,2008,2,137313
4958,2009,1,137269
4958,2009,2,139224
4958,2010,1,140299
4958,2010,2,141231
4958,2011,1,136505
4958,2011,2,143083
4958,2012,1,152273
4958,2012,2,160969
4958,2013,1,167857
4958,2013,2,174054
4958,2014,1,182762
4958,2014,2,199626
4958,2015,1,207818
4958,2015,2,210066
4958,2016,1,220324
4958,2016,2,232364
4958,2017,1,239501
4958,2017,2,251985
4958,2018,1,251985
4958,2018,2,257060
4958,2019,1,252875
4958,2019,2,246036
4958,2020,1,266554
4958,2020,2,265163
4958,2021,1,274707
4958,2021,2,290040
4958,2022,1,296879
4958,2022,2,293572
4958,2023,1,290265
4958,2023,2,285303
4958,2024,1,274097
4958,2024,2,268376
4995,1991,1,59813
4995,1991,2,62000
4995,1992,1,44364
4995,1992,2,43273
4995,1993,1,0
4995,1993,2,41455
4995,1994,1,53818
4995,1994,2,57556
4995,1995,2,67842
4995,1996,1,59579
4995,1996,2,80363
4995,1997,1,78422
4995,1997,2,73303
4995,1998,1,0
4995,1998,2,48839
4995,1999,1,58478
4995,1999,2,68430
4995,2000,1,67250
4995,2000,2,74219
4995,2001,1,74105
4995,2001,2,78849
4995,2002,1,76509
4995,2002,2,82098
4995,2003,1,83708
4995,2003,2,85000
4995,2004,1,88816
4995,2004,2,0
4995,2005,1,93084
4995,2005,2,95096
4995,2006,1,102330
4995,2006,2,109585
4995,2007,1,115611
4995,2007,2,120815
4995,2008,1,130325
4995,2008,2,135412
4995,2009,1,136036
4995,2009,2,136276
4995,2010,1,131946
4995,2010,2,140852
4995,2011,1,134801
4995,2011,2,146019
4995,2012,1,141831
4995,2012,2,154515
4995,2013,1,157124
4995,2013,2,169175
4995,2014,1,177113
4995,2014,2,168859
4995,2015,1,169435
4995,2015,2,165415
4995,2016,1,162516
4995,2016,2,167232
4995,2017,1,167787
4995,2017,2,179406
4995,2018,1,182976
4995,2018,2,184732
4995,2019,1,193134
4995,2019,2,189623
4995,2020,1,179826
4995,2020,2,188726
4995,2021,1,196381
4995,2021,2,194262
4995,2022,1,208010
4995,2022,2,214700
4995,2023,1,215631
4995,2023,2,209366
4995,2024,1,211930
4995,2024,2,205259
5032,1991,1,46170
5032,1991,2,48000
5032,1992,1,34909
5032,1992,2,35636
5032,1993,1,34909
5032,1993,2,36364
5032,1994,1,47273
5032,1994,2,48633
5032,1995,2,56145
5032,1996,1,60345
5032,1996,2,78152
5032,1997,1,73934
5032,1997,2,81749
5032,1998,1,66616
5032,1998,2,67556
5032,1999,1,71548
5032,1999,2,69637
5032,2000,1,73226
5032,2000,2,82316
5032,2001,1,82403
5032,2001,2,82531
5032,2002,1,84905
5032,2002,2,0
5032,2003,1,75113
5032,2003,2,82320
5032,2004,1,85455
5032,2004,2,87690
5032,2005,1,89162
5032,2005,2,90119
5032,2006,1,94412
5032,2006,2,99148
5032,2007,1,103513
5032,2007,2,104785
5032,2008,1,103883
5032,2008,2,103812
5032,2009,1,101765
5032,2009,2,93866
5069,1991,1,58496
5069,1991,2,60000
5069,1992,1,42909
5069,1992,2,42182
5069,1993,1,43844
5069,1993,2,45091
5069,1994,1,54545
5069,1994,2,58904
5069,1995,2,66643
5069,1996,1,71401
5069,1996,2,91524
5069,1997,1,87798
5069,1997,2,84945
5069,1998,1,77992
5069,1998,2,78598
5069,1999,1,85398
5069,1999,2,85859
5069,2000,1,82845
5069,2000,2,92187
5069,2001,1,85270
5069,2001,2,89064
5069,2002,1,92182
5069,2002,2,91057
5069,2003,1,92889
5069,2003,2,94275
5069,2004,1,98667
5069,2004,2,101462
5069,2005,1,102500
5069,2005,2,104182
5069,2006,1,110067
5069,2006,2,115767
5069,2007,1,121669
5069,2007,2,127447
5069,2008,1,132981
5069,2008,2,133874
5069,2009,1,132048
5069,2009,2,136852
5106,1991,1,73157
5106,1991,2,75000
5106,1992,1,54545
5106,1992,2,56000
5106,1993,1,54545
5106,1993,2,54545
5106,1994,1,61091
5106,1994,2,65540
5106,1995,2,77974
5106,1996,1,80319
5106,1996,2,96511
5106,1997,1,97272
5106,1997,2,108299
5106,1998,1,114125
5106,1998,2,116994
5106,1999,1,109491
5106,1999,2,98319
5106,2000,1,92071
5106,2000,2,100664
5106,2001,1,100304
5106,2001,2,102040
5106,2002,1,105581
5106,2002,2,106819
5106,2003,1,115921
5106,2003,2,122419
5106,2004,1,127995
5106,2004,2,130874
5106,2005,1,132480
5106,2005,2,134832
5106,2006,1,144411
5106,2006,2,151425
5106,2007,1,156921
5106,2007,2,160446
5106,2008,1,168147
5106,2008,2,166963
5106,2009,1,170372
5106,2009,2,170818
5180,1991,1,39567
5180,1991,2,41500
5180,1992,1,30545
5180,1992,2,30182
5180,1993,1,0
5180,1993,2,0
5180,1994,1,41455
5180,1994,2,34878
5180,1995,2,48488
5180,1996,1,52622
5180,1996,2,73512
5180,1997,1,70364
5180,1997,2,65293
5180,1998,1,64294
5180,1998,2,68094
5180,1999,1,58187
5180,1999,2,68648
5180,2000,1,73191
5180,2000,2,74351
5180,2001,1,69988
5180,2001,2,71115
5180,2002,1,71397
5180,2002,2,75199
5180,2003,1,78611
5180,2003,2,74533
5180,2004,1,70000
5180,2004,2,0
5180,2005,1,73179
5180,2005,2,74121
5180,2006,1,77729
5180,2006,2,81784
5180,2007,1,82487
5180,2007,2,83195
5180,2008,1,84345
5180,2008,2,85857
5180,2009,1,86899
5180,2009,2,86557
5180,2010,1,86165
5180,2010,2,90160
5180,2011,1,88321
5180,2011,2,95482
5180,2012,1,101412
5180,2012,2,102645
5180,2013,1,108090
5180,2013,2,116557
5180,2014,1,118883
5180,2014,2,126616
5180,2015,1,128250
5180,2015,2,131788
5180,2016,1,137324
5180,2016,2,144628
5180,2017,1,150555
5180,2017,2,150630
5180,2018,1,158269
5180,2018,2,167839
5180,2019,1,162616
5180,2019,2,161468
5180,2020,1,170378
5180,2020,2,176096
5180,2021,1,176704
5180,2021,2,182649
5180,2022,1,187735
5180,2022,2,198285
5180,2023,1,205095
5180,2023,2,207815
5180,2024,1,216634
5180,2024,2,215290
5217,1991,1,56138
5217,1991,2,42776
5217,1992,1,40727
5217,1992,2,42182
5217,1993,1,40000
5217,1993,2,40000
5217,1994,1,54182
5217,1994,2,58435
5217,1995,2,65282
5217,1996,1,65409
5217,1996,2,83546
5217,1997,1,81651
5217,1997,2,77697
5217,1998,1,89519
5217,1998,2,83402
5217,1999,1,65826
5217,1999,2,86717
5217,2000,1,74349
5217,2000,2,76989
5217,2001,1,81509
5217,2001,2,79558
5217,2002,1,84891
5217,2002,2,0
5217,2003,1,104927
5217,2003,2,108179
5217,2004,1,102108
5217,2004,2,103802
5217,2005,1,105740
5217,2005,2,108000
5217,2006,1,119589
5217,2006,2,125998
5217,2007,1,127999
5217,2007,2,132613
5217,2008,1,142956
5217,2008,2,143211
5217,2009,1,144823
5217,2009,2,146320
5217,2010,1,145453
5217,2010,2,142365
5217,2011,1,138345
5217,2011,2,145855
5217,2012,1,138852
5217,2012,2,149843
5217,2013,1,151459
5217,2013,2,165375
5217,2014,1,171547
5217,2014,2,188572
5217,2015,1,187469
5217,2015,2,199137
5217,2016,1,207683
5217,2016,2,218315
5217,2017,1,209797
5217,2017,2,207593
5217,2018,1,214681
5217,2018,2,227973
5217,2019,1,225972
5217,2019,2,237525
5217,2020,1,229121
5217,2020,2,222011
5217,2021,1,219868
5217,2021,2,227694
5217,2022,1,236000
5217,2022,2,248570
5217,2023,1,0
5217,2023,2,248017
5217,2024,1,241557
5217,2024,2,244203
5291,1991,1,0
5291,1991,2,0
5291,1992,1,0
5291,1992,2,0
5291,1993,1,0
5291,1993,2,0
5291,1994,1,29659
5291,1994,2,55149
5291,1995,2,65056
5291,1996,1,64472
5291,1996,2,66508
5291,1997,1,77351
5291,1997,2,78672
5291,1998,1,92315
5291,1998,2,91089
5291,1999,1,89172
5291,1999,2,82281
5291,2000,1,72526
5291,2000,2,78665
5291,2001,1,81499
5291,2001,2,87624
5291,2002,1,89445
5291,2002,2,96916
5291,2003,1,97395
5291,2003,2,102258
5291,2004,1,105914
5291,2004,2,109714
5291,2005,1,112320
5291,2005,2,114926
5291,2006,1,123262
5291,2006,2,130102
5291,2007,1,134682
5291,2007,2,137971
5291,2008,1,144506
5291,2008,2,150923
5291,2009,1,150183
5291,2009,2,151912
5291,2010,1,153630
5291,2010,2,154526
5291,2011,1,156533
5291,2011,2,165624
5291,2012,1,167675
5291,2012,2,181152
5291,2013,1,184376
5291,2013,2,196403
5291,2014,1,202305
5291,2014,2,208460
5291,2015,1,212015
5291,2015,2,218104
5291,2016,1,215672
5291,2016,2,228210
5291,2017,1,236018
5291,2017,2,244733
5291,2018,1,252642
5291,2018,2,272157
5291,2019,1,266376
5291,2019,2,258161
5291,2020,1,211907
5291,2020,2,210048
5291,2021,1,227625
5291,2021,2,222653
5291,2022,1,218137
5291,2022,2,221714
5291,2023,1,224819
5291,2023,2,211797
5291,2024,1,216221
5291,2024,2,215484
5328,1991,1,0
5328,1991,2,0
5328,1992,1,0
5328,1992,2,0
5328,1993,1,0
5328,1993,2,0
5328,1994,1,42146
5328,1994,2,68310
5328,1995,2,78098
5328,1996,1,77597
5328,1996,2,85540
5328,1997,1,91853
5328,1997,2,93228
5328,1998,1,100409
5328,1998,2,99701
5328,1999,1,94950
5328,1999,2,97673
5328,2000,1,130155
5328,2000,2,118155
5328,2001,1,0
5328,2001,2,131022
5328,2002,1,136394
5328,2002,2,135096
5328,2003,1,138883
5328,2003,2,128583
5328,2004,1,130869
5328,2004,2,130162
5328,2005,1,132229
5328,2005,2,134504
5328,2006,1,144971
5328,2006,2,153729
5328,2007,1,153334
5328,2007,2,151510
5328,2008,1,154786
5328,2008,2,154856
5328,2009,1,152961
5328,2009,2,155976
5328,2010,1,153630
5328,2010,2,154526
5328,2011,1,156533
5328,2011,2,165624
5328,2012,1,167675
5328,2012,2,181152
5328,2013,1,184376
5328,2013,2,196403
5328,2014,1,202305
5328,2014,2,208460
5328,2015,1,212015
5328,2015,2,218104
5328,2016,1,215672
5328,2016,2,228210
5328,2017,1,236018
5328,2017,2,244733
5328,2018,1,252642
5328,2018,2,272157
5328,2019,1,266376
5328,2019,2,258161
5328,2020,1,211907
5328,2020,2,210048
5328,2021,1,227625
5328,2021,2,222653
5328,2022,1,218137
5328,2022,2,221714
5328,2023,1,224819
5328,2023,2,211797
5328,2024,1,216221
5328,2024,2,215484
5476,1991,1,0
5476,1991,2,0
5476,1992,1,0
5476,1992,2,0
5476,1993,1,0
5476,1993,2,0
5476,1994,1,0
5476,1994,2,58435
5476,1995,2,61202
5476,1996,1,56066
5476,1996,2,62079
5476,1997,1,58075
5476,1997,2,63392
5476,1998,1,67815
5476,1998,2,57373
5476,1999,1,63577
5476,1999,2,67930
5476,2000,1,70400
5476,2000,2,68514
5476,2001,1,67469
5476,2001,2,66731
5476,2002,1,63841
5476,2002,2,65520
5476,2003,1,70244
5476,2003,2,72686
5476,2004,1,71903
5476,2004,2,74157
5476,2005,1,73506
5476,2005,2,74131
5476,2006,1,0
5476,2006,2,80717
5476,2007,1,81684
5476,2007,2,0
5476,2008,1,83000
5476,2008,2,0
5476,2009,1,85354
5476,2009,2,83741
5476,2010,1,103780
5476,2010,2,100947
5476,2011,1,103765
5476,2011,2,102951
5476,2012,1,107477
5476,2012,2,111559
5476,2013,1,117989
5476,2013,2,123616
5476,2014,1,125217
5476,2014,2,131474
5476,2015,1,139853
5476,2015,2,142556
5476,2016,1,148586
5476,2016,2,157427
5476,2017,1,161530
5476,2017,2,167893
5476,2018,1,176062
5476,2018,2,199737
5476,2019,1,198242
5476,2019,2,208492
5476,2020,1,216409
5476,2020,2,211203
5476,2021,1,215145
5476,2021,2,220755
5476,2022,1,227269
5476,2022,2,235988
5476,2023,1,245223
5476,2023,2,255373
5476,2024,1,261283
5476,2024,2,264080
5550,1991,1,36181
5550,1991,2,59081
5550,1992,1,47015
5550,1992,2,57631
5550,1993,1,54146
5550,1993,2,56793
5550,1994,1,71468
5550,1994,2,58856
5550,1995,2,57455
5550,1996,1,60899
5550,1996,2,58218
5550,1997,1,65241
5550,1997,2,64723
5550,1998,1,64241
5550,1998,2,0
5550,1999,1,63956
5550,1999,2,63126
5550,2000,1,56924
5550,2000,2,64247
5550,2001,1,65838
5550,2001,2,63980
5550,2002,1,64800
5550,2002,2,74008
5550,2003,1,79564
5550,2003,2,81972
5550,2004,1,84424
5550,2004,2,86807
5550,2005,1,87345
5550,2005,2,88509
5550,2006,1,91837
5550,2006,2,93044
5550,2007,1,93213
5550,2007,2,95366
5550,2008,1,99222
5550,2008,2,103906
5550,2009,1,107657
5550,2009,2,109872
5661,1991,1,45206
5661,1991,2,53188
5661,1992,1,56516
5661,1992,2,65160
5661,1993,1,53022
5661,1993,2,70030
5661,1994,1,57836
5661,1994,2,73539
5661,1995,2,71191
5661,1996,1,83905
5661,1996,2,78123
5661,1997,1,78097
5661,1997,2,80541
5661,1998,1,0
5661,1998,2,0
5661,1999,1,0
5661,1999,2,0
5661,2000,1,0
5661,2000,2,0
5661,2001,1,0
5661,2001,2,0
5661,2002,1,0
5661,2002,2,0
5661,2003,1,0
5661,2003,2,0
5661,2004,1,0
5661,2004,2,0
5661,2005,1,0
5661,2005,2,0
5661,2006,1,0
5661,2006,2,0
5661,2007,1,0
5661,2007,2,0
5661,2008,1,0
5661,2008,2,0
5661,2009,1,0
5661,2009,2,0
5698,1991,1,41085
5698,1991,2,42201
5698,1992,1,44960
5698,1992,2,53491
5698,1993,1,45881
5698,1993,2,38669
5698,1994,1,50337
5698,1994,2,48189
5698,1995,2,51949
5698,1996,1,52989
5698,1996,2,58987
5698,1997,1,62226
5698,1997,2,69166
5698,1998,1,0
5698,1998,2,0
5698,1999,1,0
5698,1999,2,0
5698,2000,1,0
5698,2000,2,0
5698,2001,1,0
5698,2001,2,0
5698,2002,1,0
5698,2002,2,0
5698,2003,1,0
5698,2003,2,0
5698,2004,1,0
5698,2004,2,0
5698,2005,1,0
5698,2005,2,0
5698,2006,1,0
5698,2006,2,0
5698,2007,1,0
5698,2007,2,0
5698,2008,1,0
5698,2008,2,0
5698,2009,1,0
5698,2009,2,0
5698,2010,1,91121
5698,2010,2,96641
5698,2011,1,97457
5698,2011,2,101494
5698,2012,1,107183
5698,2012,2,110390
5698,2013,1,117090
5698,2013,2,121799
5698,2014,1,128451
5698,2014,2,126072
5698,2015,1,132695
5698,2015,2,133792
5698,2016,1,139607
5698,2016,2,147229
5698,2017,1,151907
5698,2017,2,157823
5698,2018,1,163191
5698,2018,2,175176
5698,2019,1,187530
5698,2019,2,195972
5698,2020,1,199185
5698,2020,2,205617
5698,2021,1,217409
5698,2021,2,219260
5698,2022,1,224380
5698,2022,2,234564
5698,2023,1,236675
5698,2023,2,242050
5698,2024,1,248238
5698,2024,2,249088
5735,1991,1,41396
5735,1991,2,51136
5735,1992,1,35395
5735,1992,2,38325
5735,1993,1,53548
5735,1993,2,60000
5735,1994,1,59545
5735,1994,2,46756
5735,1995,2,54103
5735,1996,1,55661
5735,1996,2,55361
5735,1997,1,61895
5735,1997,2,64279
5735,1998,1,0
5735,1998,2,0
5735,1999,1,0
5735,1999,2,0
5735,2000,1,0
5735,2000,2,0
5735,2001,1,0
5735,2001,2,0
5735,2002,1,0
5735,2002,2,0
5735,2003,1,0
5735,2003,2,0
5735,2004,1,0
5735,2004,2,0
5735,2005,1,0
5735,2005,2,0
5735,2006,1,0
5735,2006,2,0
5735,2007,1,0
5735,2007,2,0
5735,2008,1,0
5735,2008,2,0
5735,2009,1,0
5735,2009,2,0
5735,2010,1,95916
5735,2010,2,100263
5735,2011,1,102200
5735,2011,2,104754
5735,2012,1,109297
5735,2012,2,117597
5735,2013,1,116217
5735,2013,2,120532
5735,2014,1,122344
5735,2014,2,119163
5735,2015,1,125105
5735,2015,2,126631
5735,2016,1,135009
5735,2016,2,143356
5735,2017,1,148121
5735,2017,2,153959
5735,2018,1,161334
5735,2018,2,172091
5735,2019,1,185725
5735,2019,2,192633
5735,2020,1,209720
5735,2020,2,210537
5735,2021,1,217664
5735,2021,2,219340
5735,2022,1,222862
5735,2022,2,233781
5735,2023,1,242636
5735,2023,2,250950
5735,2024,1,260473
5735,2024,2,269836
5772,1991,1,44466
5772,1991,2,49326
5772,1992,1,43876
5772,1992,2,43013
5772,1993,1,37429
5772,1993,2,45989
5772,1994,1,45790
5772,1994,2,53280
5772,1995,2,49465
5772,1996,1,58110
5772,1996,2,61317
5772,1997,1,65146
5772,1997,2,63032
5772,1998,1,0
5772,1998,2,0
5772,1999,1,0
5772,1999,2,0
5772,2000,1,0
5772,2000,2,0
5772,2001,1,0
5772,2001,2,0
5772,2002,1,0
5772,2002,2,0
5772,2003,1,0
5772,2003,2,0
5772,2004,1,0
5772,2004,2,0
5772,2005,1,0
5772,2005,2,0
5772,2006,1,0
5772,2006,2,0
5772,2007,1,0
5772,2007,2,0
5772,2008,1,0
5772,2008,2,0
5772,2009,1,0
5772,2009,2,0
5772,2010,1,103780
5772,2010,2,100947
5772,2011,1,103765
5772,2011,2,102951
5772,2012,1,107477
5772,2012,2,111559
5772,2013,1,117989
5772,2013,2,123616
5772,2014,1,125217
5772,2014,2,131474
5772,2015,1,139853
5772,2015,2,142556
5772,2016,1,148586
5772,2016,2,157427
5772,2017,1,161530
5772,2017,2,167893
5772,2018,1,176062
5772,2018,2,199737
5772,2019,1,198242
5772,2019,2,208492
5772,2020,1,216409
5772,2020,2,211203
5772,2021,1,215145
5772,2021,2,220755
5772,2022,1,227269
5772,2022,2,235988
5772,2023,1,245223
5772,2023,2,255373
5772,2024,1,261283
5772,2024,2,264080
5809,1991,1,0
5809,1991,2,0
5809,1992,1,0
5809,1992,2,0
5809,1993,1,0
5809,1993,2,0
5809,1994,1,0
5809,1994,2,51377
5809,1995,2,56639
5809,1996,1,59757
5809,1996,2,61539
5809,1997,1,64628
5809,1997,2,67371
5809,1998,1,0
5809,1998,2,0
5809,1999,1,0
5809,1999,2,0
5809,2000,1,0
5809,2000,2,0
5809,2001,1,0
5809,2001,2,0
5809,2002,1,0
5809,2002,2,0
5809,2003,1,0
5809,2003,2,0
5809,2004,1,0
5809,2004,2,0
5809,2005,1,0
5809,2005,2,0
5809,2006,1,0
5809,2006,2,0
5809,2007,1,0
5809,2007,2,0
5809,2008,1,0
5809,2008,2,0
5809,2009,1,0
5809,2009,2,0
5846,1991,1,29575
5846,1991,2,38766
5846,1992,1,37712
5846,1992,2,35788
5846,1993,1,31181
5846,1993,2,40150
5846,1994,1,37206
5846,1994,2,44297
5846,1995,2,47875
5846,1996,1,50126
5846,1996,2,53989
5846,1997,1,58907
5846,1997,2,60000
5846,1998,1,0
5846,1998,2,0
5846,1999,1,0
5846,1999,2,0
5846,2000,1,0
5846,2000,2,0
5846,2001,1,0
5846,2001,2,0
5846,2002,1,0
5846,2002,2,0
5846,2003,1,0
5846,2003,2,0
5846,2004,1,0
5846,2004,2,0
5846,2005,1,0
5846,2005,2,0
5846,2006,1,0
5846,2006,2,0
5846,2007,1,0
5846,2007,2,0
5846,2008,1,0
5846,2008,2,0
5846,2009,1,0
5846,2009,2,0
5846,2010,1,95659
5846,2010,2,98280
5846,2011,1,100562
5846,2011,2,103210
5846,2012,1,107403
5846,2012,2,112225
5846,2013,1,115095
5846,2013,2,123123
5846,2014,1,129924
5846,2014,2,135353
5846,2015,1,140811
5846,2015,2,141989
5846,2016,1,149091
5846,2016,2,157810
5846,2017,1,162424
5846,2017,2,169508
5846,2018,1,175547
5846,2018,2,188228
5846,2019,1,209611
5846,2019,2,214502
5846,2020,1,216528
5846,2020,2,217740
5846,2021,1,228423
5846,2021,2,228820
5846,2022,1,237304
5846,2022,2,239846
5846,2023,1,251976
5846,2023,2,256225
5846,2024,1,266787
5846,2024,2,274502
5883,1991,1,37573
5883,1991,2,42671
5883,1992,1,48979
5883,1992,2,50745
5883,1993,1,44794
5883,1993,2,51783
5883,1994,1,49983
5883,1994,2,46029
5883,1995,2,55469
5883,1996,1,56750
5883,1996,2,60592
5883,1997,1,62199
5883,1997,2,67874
5883,1998,1,0
5883,1998,2,0
5883,1999,1,0
5883,1999,2,0
5883,2000,1,0
5883,2000,2,0
5883,2001,1,0
5883,2001,2,0
5883,2002,1,0
5883,2002,2,0
5883,2003,1,0
5883,2003,2,0
5883,2004,1,0
5883,2004,2,0
5883,2005,1,0
5883,2005,2,0
5883,2006,1,0
5883,2006,2,0
5883,2007,1,0
5883,2007,2,0
5883,2008,1,0
5883,2008,2,0
5883,2009,1,0
5883,2009,2,0
5883,2010,1,101048
5883,2010,2,104474
5883,2011,1,105611
5883,2011,2,110585
5883,2012,1,115534
5883,2012,2,120603
5883,2013,1,123611
5883,2013,2,130375
5883,2014,1,126339
5883,2014,2,132287
5883,2015,1,133837
5883,2015,2,141147
5883,2016,1,145574
5883,2016,2,153735
5883,2017,1,159509
5883,2017,2,164998
5883,2018,1,174390
5883,2018,2,187087
5883,2019,1,199848
5883,2019,2,206065
5883,2020,1,210086
5883,2020,2,214930
5883,2021,1,230160
5883,2021,2,234370
5883,2022,1,247079
5883,2022,2,253427
5883,2023,1,258576
5883,2023,2,269214
5883,2024,1,274325
5883,2024,2,279575
5920,1991,1,43839
5920,1991,2,47083
5920,1992,1,48967
5920,1992,2,50478
5920,1993,1,44325
5920,1993,2,68086
5920,1994,1,54636
5920,1994,2,68249
5920,1995,2,64584
5920,1996,1,66473
5920,1996,2,68801
5920,1997,1,72101
5920,1997,2,78724
5920,1998,1,0
5920,1998,2,0
5920,1999,1,0
5920,1999,2,0
5920,2000,1,0
5920,2000,2,0
5920,2001,1,0
5920,2001,2,0
5920,2002,1,0
5920,2002,2,0
5920,2003,1,0
5920,2003,2,0
5920,2004,1,0
5920,2004,2,0
5920,2005,1,0
5920,2005,2,0
5920,2006,1,0
5920,2006,2,0
5920,2007,1,0
5920,2007,2,0
5920,2008,1,0
5920,2008,2,0
5920,2009,1,0
5920,2009,2,0
5920,2018,2,155527
5920,2019,1,159703
5920,2019,2,169590
5920,2020,1,177964
5920,2020,2,185074
5920,2021,1,181305
5920,2021,2,187839
5920,2022,1,194244
5920,2022,2,204039
5920,2023,1,209602
5920,2023,2,219230
5920,2024,1,222346
5920,2024,2,229334
5957,1991,1,34182
5957,1991,2,45212
5957,1992,1,38561
5957,1992,2,40000
5957,1993,1,47273
5957,1993,2,61702
5957,1994,1,0
5957,1994,2,84693
5957,1995,2,61145
5957,1996,1,76515
5957,1996,2,73049
5957,1997,1,75895
5957,1997,2,74212
5957,1998,1,0
5957,1998,2,0
5957,1999,1,0
5957,1999,2,0
5957,2000,1,0
5957,2000,2,0
5957,2001,1,0
5957,2001,2,0
5957,2002,1,0
5957,2002,2,0
5957,2003,1,0
5957,2003,2,0
5957,2004,1,0
5957,2004,2,0
5957,2005,1,0
5957,2005,2,0
5957,2006,1,0
5957,2006,2,0
5957,2007,1,0
5957,2007,2,0
5957,2008,1,0
5957,2008,2,0
5957,2009,1,0
5957,2009,2,0
5957,2018,2,155527
5957,2019,1,159703
5957,2019,2,169590
5957,2020,1,177964
5957,2020,2,185074
5957,2021,1,181305
5957,2021,2,187839
5957,2022,1,194244
5957,2022,2,204039
5957,2023,1,209602
5957,2023,2,219230
5957,2024,1,222346
5957,2024,2,229334
5994,1991,1,0
5994,1991,2,0
5994,1992,1,0
5994,1992,2,0
5994,1993,1,0
5994,1993,2,220000
5994,1994,1,175000
5994,1994,2,0
5994,1995,2,0
5994,1996,1,0
5994,1996,2,0
5994,1997,1,0
5994,1997,2,0
5994,1998,1,0
5994,1998,2,0
5994,1999,1,0
5994,1999,2,0
5994,2000,1,0
5994,2000,2,0
5994,2001,1,0
5994,2001,2,0
5994,2002,1,0
5994,2002,2,0
5994,2003,1,0
5994,2003,2,0
5994,2004,1,0
5994,2004,2,0
5994,2005,1,0
5994,2005,2,0
5994,2006,1,0
5994,2006,2,0
5994,2007,1,0
5994,2007,2,0
5994,2008,1,0
5994,2008,2,0
5994,2009,1,0
5994,2009,2,0
6031,1991,1,0
6031,1991,2,52276
6031,1992,1,23273
6031,1992,2,0
6031,1993,1,0
6031,1993,2,0
6031,1994,1,0
6031,1994,2,46448
6031,1995,2,0
6031,1996,1,0
6031,1996,2,0
6031,1997,1,0
6031,1997,2,52316
6031,1998,1,0
6031,1998,2,0
6031,1999,1,0
6031,1999,2,0
6031,2000,1,0
6031,2000,2,0
6031,2001,1,0
6031,2001,2,0
6031,2002,1,0
6031,2002,2,0
6031,2003,1,0
6031,2003,2,0
6031,2004,1,0
6031,2004,2,0
6031,2005,1,0
6031,2005,2,0
6031,2006,1,0
6031,2006,2,0
6031,2007,1,0
6031,2007,2,0
6031,2008,1,0
6031,2008,2,0
6031,2009,1,0
6031,2009,2,0
6031,2010,1,88782
6031,2010,2,84617
6031,2011,1,87934
6031,2011,2,90591
6031,2012,1,87389
6031,2012,2,96008
6031,2013,1,97175
6031,2013,2,100791
6031,2014,1,104870
6031,2014,2,106648
6031,2015,1,111074
6031,2015,2,116234
6031,2016,1,120813
6031,2016,2,127977
6031,2017,1,131456
6031,2017,2,136757
6031,2018,1,142459
6031,2018,2,150050
6031,2019,1,161455
6031,2019,2,169406
6031,2020,1,174955
6031,2020,2,180135
6031,2021,1,191340
6031,2021,2,193659
6031,2022,1,199076
6031,2022,2,199921
6031,2023,1,212226
6031,2023,2,220391
6031,2024,1,223458
6031,2024,2,221816
6068,1991,1,0
6068,1991,2,0
6068,1992,1,0
6068,1992,2,0
6068,1993,1,0
6068,1993,2,0
6068,1994,1,0
6068,1994,2,85000
6068,1995,2,56790
6068,1996,1,50938
6068,1996,2,56221
6068,1997,1,57037
6068,1997,2,57965
6068,1998,1,0
6068,1998,2,0
6068,1999,1,0
6068,1999,2,0
6068,2000,1,0
6068,2000,2,0
6068,2001,1,0
6068,2001,2,0
6068,2002,1,0
6068,2002,2,0
6068,2003,1,0
6068,2003,2,0
6068,2004,1,0
6068,2004,2,0
6068,2005,1,0
6068,2005,2,0
6068,2006,1,0
6068,2006,2,0
6068,2007,1,0
6068,2007,2,0
6068,2008,1,0
6068,2008,2,0
6068,2009,1,0
6068,2009,2,0
6105,1991,1,14545
6105,1991,2,0
6105,1992,1,20000
6105,1992,2,0
6105,1993,1,0
6105,1993,2,31558
6105,1994,1,0
6105,1994,2,0
6105,1995,2,0
6105,1996,1,0
6105,1996,2,0
6105,1997,1,0
6105,1997,2,31220
6105,1998,1,0
6105,1998,2,0
6105,1999,1,0
6105,1999,2,0
6105,2000,1,0
6105,2000,2,0
6105,2001,1,0
6105,2001,2,0
6105,2002,1,0
6105,2002,2,0
6105,2003,1,0
6105,2003,2,0
6105,2004,1,0
6105,2004,2,0
6105,2005,1,0
6105,2005,2,0
6105,2006,1,0
6105,2006,2,0
6105,2007,1,0
6105,2007,2,0
6105,2008,1,0
6105,2008,2,0
6105,2009,1,0
6105,2009,2,0
6105,2010,1,68965
6105,2010,2,70497
6105,2011,1,72415
6105,2011,2,74008
6105,2012,1,75608
6105,2012,2,80732
6105,2013,1,81443
6105,2013,2,83975
6105,2014,1,84166
6105,2014,2,86686
6105,2015,1,87805
6105,2015,2,89566
6105,2016,1,94338
6105,2016,2,99882
6105,2017,1,102628
6105,2017,2,106846
6105,2018,1,109819
6105,2018,2,118130
6105,2019,1,125427
6105,2019,2,130264
6105,2020,1,138290
6105,2020,2,138989
6105,2021,1,141096
6105,2021,2,144481
6105,2022,1,148510
6105,2022,2,153671
6105,2023,1,157068
6105,2023,2,161858
6105,2024,1,165545
6105,2024,2,167081
6142,1991,2,40277
6142,1992,1,56369
6142,1992,2,59706
6142,1993,1,57310
6142,1993,2,54506
6142,1994,1,57168
6142,1994,2,57031
6142,1995,2,57103
6142,1996,1,65524
6142,1996,2,71432
6142,1997,1,70402
6142,1997,2,76012
6142,1998,1,0
6142,1998,2,0
6142,1999,1,0
6142,1999,2,0
6142,2000,1,0
6142,2000,2,0
6142,2001,1,0
6142,2001,2,0
6142,2002,1,0
6142,2002,2,0
6142,2003,1,0
6142,2003,2,0
6142,2004,1,0
6142,2004,2,0
6142,2005,1,0
6142,2005,2,0
6142,2006,1,0
6142,2006,2,0
6142,2007,1,0
6142,2007,2,0
6142,2008,1,0
6142,2008,2,0
6142,2009,1,0
6142,2009,2,0
6142,2010,1,92218
6142,2010,2,95671
6142,2011,1,98329
6142,2011,2,100879
6142,2012,1,102573
6142,2012,2,103595
6142,2013,1,106156
6142,2013,2,105174
6142,2014,1,105826
6142,2014,2,109664
6142,2015,1,108086
6142,2015,2,111998
6142,2016,1,117612
6142,2016,2,124304
6142,2017,1,128126
6142,2017,2,132631
6142,2018,1,137535
6142,2018,2,145013
6142,2019,1,153186
6142,2019,2,159003
6142,2020,1,175081
6142,2020,2,174074
6142,2021,1,180013
6142,2021,2,182544
6142,2022,1,189313
6142,2022,2,191344
6142,2023,1,197546
6142,2023,2,204626
6142,2024,1,208713
6142,2024,2,209949
6179,1991,1,35373
6179,1991,2,34861
6179,1992,1,39539
6179,1992,2,41977
6179,1993,1,40765
6179,1993,2,47687
6179,1994,1,44613
6179,1994,2,43278
6179,1995,2,47845
6179,1996,1,52927
6179,1996,2,52815
6179,1997,1,52194
6179,1997,2,55114
6179,1998,1,0
6179,1998,2,0
6179,1999,1,0
6179,1999,2,0
6179,2000,1,0
6179,2000,2,0
6179,2001,1,0
6179,2001,2,0
6179,2002,1,0
6179,2002,2,0
6179,2003,1,0
6179,2003,2,0
6179,2004,1,0
6179,2004,2,0
6179,2005,1,0
6179,2005,2,0
6179,2006,1,0
6179,2006,2,0
6179,2007,1,0
6179,2007,2,0
6179,2008,1,0
6179,2008,2,0
6179,2009,1,0
6179,2009,2,0
6216,1991,1,40000
6216,1991,2,54347
6216,1992,1,44794
6216,1992,2,43187
6216,1993,1,42662
6216,1993,2,49367
6216,1994,1,58972
6216,1994,2,52057
6216,1995,2,50133
6216,1996,1,51867
6216,1996,2,59043
6216,1997,1,57402
6216,1997,2,55503
6216,1998,1,0
6216,1998,2,0
6216,1999,1,0
6216,1999,2,0
6216,2000,1,0
6216,2000,2,0
6216,2001,1,0
6216,2001,2,0
6216,2002,1,0
6216,2002,2,0
6216,2003,1,0
6216,2003,2,0
6216,2004,1,0
6216,2004,2,0
6216,2005,1,0
6216,2005,2,0
6216,2006,1,0
6216,2006,2,0
6216,2007,1,0
6216,2007,2,0
6216,2008,1,0
6216,2008,2,0
6216,2009,1,0
6216,2009,2,0
6253,1991,1,22084
6253,1991,2,21433
6253,1992,1,28436
6253,1992,2,24041
6253,1993,1,31875
6253,1993,2,39005
6253,1994,1,32633
6253,1994,2,35946
6253,1995,2,31972
6253,1996,1,39004
6253,1996,2,44504
6253,1997,1,44184
6253,1997,2,47733
6253,1998,1,0
6253,1998,2,0
6253,1999,1,0
6253,1999,2,0
6253,2000,1,0
6253,2000,2,0
6253,2001,1,0
6253,2001,2,0
6253,2002,1,0
6253,2002,2,0
6253,2003,1,0
6253,2003,2,0
6253,2004,1,0
6253,2004,2,0
6253,2005,1,0
6253,2005,2,0
6253,2006,1,0
6253,2006,2,0
6253,2007,1,0
6253,2007,2,0
6253,2008,1,0
6253,2008,2,0
6253,2009,1,0
6253,2009,2,0
6290,1991,1,0
6290,1991,2,35000
6290,1992,1,52860
6290,1992,2,0
6290,1993,1,25455
6290,1993,2,70925
6290,1994,1,52211
6290,1994,2,0
6290,1995,2,60931
6290,1996,1,6969
6290,1996,2,70591
6290,1997,1,70175
6290,1997,2,0
6290,1998,1,0
6290,1998,2,0
6290,1999,1,0
6290,1999,2,0
6290,2000,1,0
6290,2000,2,0
6290,2001,1,0
6290,2001,2,0
6290,2002,1,0
6290,2002,2,0
6290,2003,1,0
6290,2003,2,0
6290,2004,1,0
6290,2004,2,0
6290,2005,1,0
6290,2005,2,0
6290,2006,1,0
6290,2006,2,0
6290,2007,1,0
6290,2007,2,0
6290,2008,1,0
6290,2008,2,0
6290,2009,1,0
6290,2009,2,0
6327,1991,1,19273
6327,1991,2,22951
6327,1992,1,30955
6327,1992,2,28129
6327,1993,1,32423
6327,1993,2,49138
6327,1994,1,30168
6327,1994,2,37612
6327,1995,2,41439
6327,1996,1,47587
6327,1996,2,48947
6327,1997,1,49414
6327,1997,2,54258
6327,1998,1,0
6327,1998,2,0
6327,1999,1,0
6327,1999,2,0
6327,2000,1,0
6327,2000,2,0
6327,2001,1,0
6327,2001,2,0
6327,2002,1,0
6327,2002,2,0
6327,2003,1,0
6327,2003,2,0
6327,2004,1,0
6327,2004,2,0
6327,2005,1,0
6327,2005,2,0
6327,2006,1,0
6327,2006,2,0
6327,2007,1,0
6327,2007,2,0
6327,2008,1,0
6327,2008,2,0
6327,2009,1,0
6327,2009,2,0
6364,1991,1,0
6364,1991,2,29091
6364,1992,1,36364
6364,1992,2,0
6364,1993,1,0
6364,1993,2,0
6364,1994,1,52500
6364,1994,2,0
6364,1995,2,58915
6364,1996,1,60000
6364,1996,2,0
6364,1997,1,0
6364,1997,2,0
6364,1998,1,0
6364,1998,2,0
6364,1999,1,0
6364,1999,2,0
6364,2000,1,0
6364,2000,2,0
6364,2001,1,0
6364,2001,2,0
6364,2002,1,0
6364,2002,2,0
6364,2003,1,0
6364,2003,2,0
6364,2004,1,0
6364,2004,2,0
6364,2005,1,0
6364,2005,2,0
6364,2006,1,0
6364,2006,2,0
6364,2007,1,0
6364,2007,2,0
6364,2008,1,0
6364,2008,2,0
6364,2009,1,0
6364,2009,2,0
6401,1991,1,41897
6401,1991,2,60000
6401,1992,1,0
6401,1992,2,46178
6401,1993,1,0
6401,1993,2,70000
6401,1994,1,0
6401,1994,2,0
6401,1995,2,55368
6401,1996,1,67368
6401,1996,2,71236
6401,1997,1,72500
6401,1997,2,70070
6401,1998,1,0
6401,1998,2,0
6401,1999,1,0
6401,1999,2,0
6401,2000,1,0
6401,2000,2,0
6401,2001,1,0
6401,2001,2,0
6401,2002,1,0
6401,2002,2,0
6401,2003,1,0
6401,2003,2,0
6401,2004,1,0
6401,2004,2,0
6401,2005,1,0
6401,2005,2,0
6401,2006,1,0
6401,2006,2,0
6401,2007,1,0
6401,2007,2,0
6401,2008,1,0
6401,2008,2,0
6401,2009,1,0
6401,2009,2,0
6401,2010,1,105994
6401,2010,2,108881
6401,2011,1,111501
6401,2011,2,115954
6401,2012,1,114141
6401,2012,2,120830
6401,2013,1,124625
6401,2013,2,130770
6401,2014,1,126237
6401,2014,2,129299
6401,2015,1,132746
6401,2015,2,138516
6401,2016,1,143120
6401,2016,2,152524
6401,2017,1,156660
6401,2017,2,163899
6401,2018,1,176388
6401,2018,2,185739
6401,2019,1,195321
6401,2019,2,212935
6401,2020,1,203456
6401,2020,2,204375
6401,2021,1,205246
6401,2021,2,207346
6401,2022,1,214374
6401,2022,2,216712
6401,2023,1,230145
6401,2023,2,238762
6401,2024,1,243126
6401,2024,2,247269
6438,1991,1,45000
6438,1991,2,33263
6438,1992,1,43301
6438,1992,2,50789
6438,1993,1,0
6438,1993,2,58888
6438,1994,1,0
6438,1994,2,0
6438,1995,2,36650
6438,1996,1,47273
6438,1996,2,51003
6438,1997,1,54737
6438,1997,2,61818
6438,1998,1,0
6438,1998,2,0
6438,1999,1,0
6438,1999,2,0
6438,2000,1,0
6438,2000,2,0
6438,2001,1,0
6438,2001,2,0
6438,2002,1,0
6438,2002,2,0
6438,2003,1,0
6438,2003,2,0
6438,2004,1,0
6438,2004,2,0
6438,2005,1,0
6438,2005,2,0
6438,2006,1,0
6438,2006,2,0
6438,2007,1,0
6438,2007,2,0
6438,2008,1,0
6438,2008,2,0
6438,2009,1,0
6438,2009,2,0
6438,2010,1,80553
6438,2010,2,81638
6438,2011,1,82178
6438,2011,2,77442
6438,2012,1,81612
6438,2012,2,88799
6438,2013,1,87417
6438,2013,2,92902
6438,2014,1,91971
6438,2014,2,98523
6438,2015,1,101093
6438,2015,2,105008
6438,2016,1,110271
6438,2016,2,116958
6438,2017,1,120907
6438,2017,2,126051
6438,2018,1,130819
6438,2018,2,139009
6438,2019,1,148971
6438,2019,2,153086
6438,2020,1,158594
6438,2020,2,165332
6438,2021,1,174334
6438,2021,2,176933
6438,2022,1,184934
6438,2022,2,191620
6438,2023,1,199427
6438,2023,2,206323
6438,2024,1,212562
6438,2024,2,219996
6475,1991,1,0
6475,1991,2,0
6475,1992,1,0
6475,1992,2,0
6475,1993,1,0
6475,1993,2,0
6475,1994,1,50526
6475,1994,2,47273
6475,1995,2,0
6475,1996,1,0
6475,1996,2,0
6475,1997,1,0
6475,1997,2,0
6475,1998,1,0
6475,1998,2,0
6475,1999,1,0
6475,1999,2,0
6475,2000,1,0
6475,2000,2,0
6475,2001,1,0
6475,2001,2,0
6475,2002,1,0
6475,2002,2,0
6475,2003,1,0
6475,2003,2,0
6475,2004,1,0
6475,2004,2,0
6475,2005,1,0
6475,2005,2,0
6475,2006,1,0
6475,2006,2,0
6475,2007,1,0
6475,2007,2,0
6475,2008,1,0
6475,2008,2,0
6475,2009,1,0
6475,2009,2,0
6512,1991,1,41658
6512,1991,2,28317
6512,1992,1,34123
6512,1992,2,26697
6512,1993,1,30943
6512,1993,2,34039
6512,1994,1,33685
6512,1994,2,44277
6512,1995,2,36966
6512,1996,1,36395
6512,1996,2,41336
6512,1997,1,44843
6512,1997,2,45929
6512,1998,1,0
6512,1998,2,0
6512,1999,1,0
6512,1999,2,0
6512,2000,1,0
6512,2000,2,0
6512,2001,1,0
6512,2001,2,0
6512,2002,1,0
6512,2002,2,0
6512,2003,1,0
6512,2003,2,0
6512,2004,1,0
6512,2004,2,0
6512,2005,1,0
6512,2005,2,0
6512,2006,1,0
6512,2006,2,0
6512,2007,1,0
6512,2007,2,0
6512,2008,1,0
6512,2008,2,0
6512,2009,1,0
6512,2009,2,0
6512,2010,1,68965
6512,2010,2,70497
6512,2011,1,72415
6512,2011,2,74008
6512,2012,1,75608
6512,2012,2,80732
6512,2013,1,81443
6512,2013,2,83975
6512,2014,1,84166
6512,2014,2,86686
6512,2015,1,87805
6512,2015,2,89566
6512,2016,1,94338
6512,2016,2,99882
6512,2017,1,102628
6512,2017,2,106846
6512,2018,1,109819
6512,2018,2,118130
6512,2019,1,125427
6512,2019,2,130264
6512,2020,1,138290
6512,2020,2,138989
6512,2021,1,141096
6512,2021,2,144481
6512,2022,1,148510
6512,2022,2,153671
6512,2023,1,157068
6512,2023,2,161858
6512,2024,1,165545
6512,2024,2,167081
6549,1991,1,47712
6549,1991,2,0
6549,1992,1,0
6549,1992,2,0
6549,1993,1,0
6549,1993,2,0
6549,1994,1,0
6549,1994,2,0
6549,1995,2,29474
6549,1996,1,0
6549,1996,2,0
6549,1997,1,41937
6549,1997,2,0
6549,1998,1,0
6549,1998,2,0
6549,1999,1,0
6549,1999,2,0
6549,2000,1,0
6549,2000,2,0
6549,2001,1,0
6549,2001,2,0
6549,2002,1,0
6549,2002,2,0
6549,2003,1,0
6549,2003,2,0
6549,2004,1,0
6549,2004,2,0
6549,2005,1,0
6549,2005,2,0
6549,2006,1,0
6549,2006,2,0
6549,2007,1,0
6549,2007,2,0
6549,2008,1,0
6549,2008,2,0
6549,2009,1,0
6549,2009,2,0
6549,2018,2,174277
6549,2019,1,184508
6549,2019,2,188854
6549,2020,1,198613
6549,2020,2,200386
6549,2021,1,213676
6549,2021,2,217123
6549,2022,1,229273
6549,2022,2,235799
6549,2023,1,242035
6549,2023,2,249977
6549,2024,1,250776
6549,2024,2,256854
6586,1991,1,34455
6586,1991,2,53168
6586,1992,1,40430
6586,1992,2,46006
6586,1993,1,64815
6586,1993,2,54301
6586,1994,1,0
6586,1994,2,0
6586,1995,2,0
6586,1996,1,0
6586,1996,2,74838
6586,1997,1,71470
6586,1997,2,70247
6586,1998,1,0
6586,1998,2,0
6586,1999,1,0
6586,1999,2,0
6586,2000,1,0
6586,2000,2,0
6586,2001,1,0
6586,2001,2,0
6586,2002,1,0
6586,2002,2,0
6586,2003,1,0
6586,2003,2,0
6586,2004,1,0
6586,2004,2,0
6586,2005,1,0
6586,2005,2,0
6586,2006,1,0
6586,2006,2,0
6586,2007,1,0
6586,2007,2,0
6586,2008,1,0
6586,2008,2,0
6586,2009,1,0
6586,2009,2,0
6586,2018,2,174277
6586,2019,1,184508
6586,2019,2,188854
6586,2020,1,198613
6586,2020,2,200386
6586,2021,1,213676
6586,2021,2,217123
6586,2022,1,229273
6586,2022,2,235799
6586,2023,1,242035
6586,2023,2,249977
6586,2024,1,250776
6586,2024,2,256854
6623,1991,1,0
6623,1991,2,54952
6623,1992,1,65472
6623,1992,2,65397
6623,1993,1,57061
6623,1993,2,56450
6623,1994,1,58298
6623,1994,2,58899
6623,1995,2,58209
6623,1996,1,57883
6623,1996,2,57589
6623,1997,1,57972
6623,1997,2,61518
6623,1998,1,0
6623,1998,2,0
6623,1999,1,0
6623,1999,2,0
6623,2000,1,0
6623,2000,2,0
6623,2001,1,0
6623,2001,2,0
6623,2002,1,0
6623,2002,2,0
6623,2003,1,0
6623,2003,2,0
6623,2004,1,0
6623,2004,2,0
6623,2005,1,0
6623,2005,2,0
6623,2006,1,0
6623,2006,2,0
6623,2007,1,0
6623,2007,2,0
6623,2008,1,0
6623,2008,2,0
6623,2009,1,0
6623,2009,2,0
6623,2010,1,94909
6623,2010,2,99599
6623,2011,1,99412
6623,2011,2,98292
6623,2012,1,96970
6623,2012,2,104948
6623,2013,1,104006
6623,2013,2,108682
6623,2014,1,0
6623,2014,2,103369
6623,2015,1,104040
6623,2015,2,106163
6623,2016,1,110698
6623,2016,2,118155
6623,2017,1,121380
6623,2017,2,125226
6623,2018,1,130850
6623,2018,2,140101
6623,2019,1,149629
6623,2019,2,159726
6623,2020,1,172081
6623,2020,2,167430
6623,2021,1,163911
6623,2021,2,167662
6623,2022,1,175508
6623,2022,2,182713
6623,2023,1,190168
6623,2023,2,199932
6623,2024,1,209325
6623,2024,2,213095
6624,1991,1,32366
6661,1991,1,22962
6661,1991,2,31680
6662,1991,2,25721
6662,1992,1,37024
6663,1992,1,29282
6663,1992,2,31047
6664,1992,2,26952
6664,1993,1,31130
6665,1993,1,29626
6665,1993,2,37722
6666,1993,2,40853
6666,1994,1,43013
6667,1994,1,40513
6667,1994,2,39468
6668,1994,2,27836
6668,1995,2,40773
6669,1995,2,33599
6669,1996,1,44013
6670,1996,1,36224
6670,1996,2,43133
6671,1996,2,37859
6671,1997,1,42091
6672,1997,1,36222
6672,1997,2,41441
6673,1997,2,36715
6673,1998,1,0
6674,1998,1,0
6674,1998,2,0
6675,1998,2,0
6675,1999,1,0
6676,1999,1,0
6676,1999,2,0
6677,1999,2,0
6677,2000,1,0
6678,2000,1,0
6678,2000,2,0
6679,2000,2,0
6679,2001,1,0
6680,2001,1,0
6680,2001,2,0
6681,2001,2,0
6681,2002,1,0
6682,2002,1,0
6682,2002,2,0
6683,2002,2,0
6683,2003,1,0
6684,2003,1,0
6684,2003,2,0
6685,2003,2,0
6685,2004,1,0
6686,2004,1,0
6686,2004,2,0
6687,2004,2,0
6687,2005,1,0
6688,2005,1,0
6688,2005,2,0
6689,2005,2,0
6689,2006,1,0
6690,2006,1,0
6690,2006,2,0
6691,2006,2,0
6691,2007,1,0
6692,2007,1,0
6692,2007,2,0
6693,2007,2,0
6693,2008,1,0
6694,2008,1,0
6694,2008,2,0
6695,2008,2,0
6695,2009,1,0
6696,2009,1,0
6696,2009,2,0
6697,2009,2,0
6710,2010,1,92218
6710,2010,2,95671
6710,2011,1,98329
6710,2011,2,100879
6710,2012,1,102573
6710,2012,2,103595
6710,2013,1,106156
6710,2013,2,105174
6710,2014,1,105826
6710,2014,2,109664
6710,2015,1,108086
6710,2015,2,111998
6710,2016,1,117612
6710,2016,2,124304
6710,2017,1,128126
6710,2017,2,132631
6710,2018,1,137535
6710,2018,2,145013
6710,2019,1,153186
6710,2019,2,159003
6710,2020,1,175081
6710,2020,2,174074
6710,2021,1,180013
6710,2021,2,182544
6710,2022,1,189313
6710,2022,2,191344
6710,2023,1,197546
6710,2023,2,204626
6710,2024,1,208713
6710,2024,2,209949
6710,2025,1,213033
6710,2025,2,214661
6710,2026,1,215907
6723,2010,1,68965
6723,2010,2,70497
6723,2011,1,72415
6723,2011,2,74008
6723,2012,1,75608
6723,2012,2,80732
6723,2013,1,81443
6723,2013,2,83975
6723,2014,1,84166
6723,2014,2,86686
6723,2015,1,87805
6723,2015,2,89566
6723,2016,1,94338
6723,2016,2,99882
6723,2017,1,102628
6723,2017,2,106846
6723,2018,1,109819
6723,2018,2,118130
6723,2019,1,125427
6723,2019,2,130264
6723,2020,1,138290
6723,2020,2,138989
6723,2021,1,141096
6723,2021,2,144481
6723,2022,1,148510
6723,2022,2,153671
6723,2023,1,157068
6723,2023,2,161858
6723,2024,1,165545
6723,2024,2,167081
6723,2025,1,169804
6723,2025,2,171037
6723,2026,1,172068
6736,2010,1,84404
6736,2010,2,89835
6736,2011,1,92956
6736,2011,2,95366
6736,2012,1,97283
6736,2012,2,92512
6736,2013,1,97951
6736,2013,2,100936
6736,2014,1,102334
6736,2014,2,106569
6736,2015,1,108245
6736,2015,2,111771
6736,2016,1,115272
6736,2016,2,120716
6736,2017,1,123074
6736,2017,2,127391
6736,2018,1,133417
6736,2018,2,141507
6736,2019,1,152019
6736,2019,2,155599
6736,2020,1,166063
6736,2020,2,167926
6736,2021,1,179203
6736,2021,2,181293
6736,2022,1,187435
6736,2022,2,192375
6736,2023,1,197450
6736,2023,2,208527
6736,2024,1,214222
6736,2024,2,219321
6736,2025,1,221506
6736,2025,2,224490
6736,2026,1,226122
6749,2010,1,78676
6749,2010,2,82036
6749,2011,1,84508
6749,2011,2,87687
6749,2012,1,88637
6749,2012,2,92694
6749,2013,1,95261
6749,2013,2,101122
6749,2014,1,103497
6749,2014,2,99380
6749,2015,1,98132
6749,2015,2,102144
6749,2016,1,105790
6749,2016,2,110194
6749,2017,1,112847
6749,2017,2,116344
6749,2018,1,120416
6749,2018,2,127124
6749,2019,1,133863
6749,2019,2,140220
6749,2020,1,140722
6749,2020,2,144651
6749,2021,1,152740
6749,2021,2,153674
6749,2022,1,160048
6749,2022,2,162577
6749,2023,1,165635
6749,2023,2,171630
6749,2024,1,176618
6749,2024,2,178077
6749,2025,1,180331
6749,2025,2,179958
6749,2026,1,179028
6762,2010,1,77030
6762,2010,2,81538
6762,2011,1,82428
6762,2011,2,87155
6762,2012,1,88987
6762,2012,2,91037
6762,2013,1,93466
6762,2013,2,101657
6762,2014,1,108774
6762,2014,2,110834
6762,2015,1,113453
6762,2015,2,117921
6762,2016,1,122341
6762,2016,2,128795
6762,2017,1,132819
6762,2017,2,138832
6762,2018,1,144980
6762,2018,2,153608
6762,2019,1,159514
6762,2019,2,167434
6762,2020,1,171952
6762,2020,2,178602
6762,2021,1,186251
6762,2021,2,188233
6762,2022,1,194662
6762,2022,2,207792
6762,2023,1,209231
6762,2023,2,217544
6762,2024,1,223779
6762,2024,2,230134
6762,2025,1,232099
6762,2025,2,239200
6762,2026,1,237324
6775,2010,1,118515
6775,2010,2,117090
6775,2011,1,120681
6775,2011,2,123972
6775,2012,1,126924
6775,2012,2,136740
6775,2013,1,141535
6775,2013,2,150673
6775,2014,1,149852
6775,2014,2,153958
6775,2015,1,158014
6775,2015,2,161990
6775,2016,1,167860
6775,2016,2,175367
6775,2017,1,180153
6775,2017,2,187771
6775,2018,1,196261
6775,2018,2,208195
6775,2019,1,224359
6775,2019,2,228462
6775,2020,1,234297
6775,2020,2,236858
6775,2021,1,247977
6775,2021,2,254117
6775,2022,1,262297
6775,2022,2,269039
6775,2023,1,278151
6775,2023,2,281721
6775,2024,1,280472
6775,2024,2,282352
6775,2025,1,279433
6775,2025,2,279613
6775,2026,1,281939
6788,2010,1,100730
6788,2010,2,101932
6788,2011,1,104308
6788,2011,2,105805
6788,2012,1,114466
6788,2012,2,107506
6788,2013,1,115082
6788,2013,2,132235
6788,2014,1,132373
6788,2014,2,143562
6788,2015,1,151091
6788,2015,2,152831
6788,2016,1,160431
6788,2016,2,168448
6788,2017,1,174036
6788,2017,2,179290
6788,2018,1,189303
6788,2018,2,197929
6788,2019,1,201951
6788,2019,2,207239
6788,2020,1,215964
6788,2020,2,220808
6788,2021,1,226280
6788,2021,2,230766
6788,2022,1,242138
6788,2022,2,246376
6788,2023,1,259126
6788,2023,2,274955
6788,2024,1,274978
6788,2024,2,275108
6788,2025,1,272831
6788,2025,2,273074
6788,2026,1,275790
6801,2010,1,110803
6801,2010,2,108427
6801,2011,1,109325
6801,2011,2,111058
6801,2012,1,114884
6801,2012,2,118389
6801,2013,1,118264
6801,2013,2,127758
6801,2014,1,128252
6801,2014,2,137204
6801,2015,1,140157
6801,2015,2,148057
6801,2016,1,154424
6801,2016,2,164864
6801,2017,1,170033
6801,2017,2,179665
6801,2018,1,189585
6801,2018,2,199266
6801,2019,1,210096
6801,2019,2,212935
6801,2020,1,219392
6801,2020,2,225461
6801,2021,1,228896
6801,2021,2,229629
6801,2022,1,236805
6801,2022,2,240080
6801,2023,1,252113
6801,2023,2,261936
6801,2024,1,260137
6801,2024,2,261934
6801,2025,1,264104
6801,2025,2,265818
6801,2026,1,268187
6814,2010,1,109702
6814,2010,2,107079
6814,2011,1,109857
6814,2011,2,104518
6814,2012,1,113632
6814,2012,2,117844
6814,2013,1,122482
6814,2013,2,123225
6814,2014,1,132283
6814,2014,2,134827
6814,2015,1,138946
6814,2015,2,138413
6814,2016,1,146509
6814,2016,2,151564
6814,2017,1,156492
6814,2017,2,162422
6814,2018,1,170500
6814,2018,2,177994
6814,2019,1,178249
6814,2019,2,184100
6814,2020,1,192968
6814,2020,2,194315
6814,2021,1,200155
6814,2021,2,202032
6814,2022,1,209189
6814,2022,2,211415
6814,2023,1,223124
6814,2023,2,230289
6814,2024,1,233754
6814,2024,2,237480
6814,2025,1,237754
6814,2025,2,237686
6814,2026,1,239808
6827,2010,1,103664
6827,2010,2,100784
6827,2011,1,104801
6827,2011,2,107902
6827,2012,1,111670
6827,2012,2,118154
6827,2013,1,120277
6827,2013,2,121590
6827,2014,1,124319
6827,2014,2,124199
6827,2015,1,120603
6827,2015,2,128022
6827,2016,1,131821
6827,2016,2,140589
6827,2017,1,143643
6827,2017,2,148955
6827,2018,1,153766
6827,2018,2,160892
6827,2019,1,164550
6827,2019,2,178010
6827,2020,1,183489
6827,2020,2,186880
6827,2021,1,181604
6827,2021,2,185232
6827,2022,1,188181
6827,2022,2,193615
6827,2023,1,202901
6827,2023,2,208846
6827,2024,1,211998
6827,2024,2,216258
6827,2025,1,219236
6827,2025,2,219862
6827,2026,1,221481
6840,2010,1,105994
6840,2010,2,108881
6840,2011,1,111501
6840,2011,2,115954
6840,2012,1,114141
6840,2012,2,120830
6840,2013,1,124625
6840,2013,2,130770
6840,2014,1,126237
6840,2014,2,129299
6840,2015,1,132746
6840,2015,2,138516
6840,2016,1,143120
6840,2016,2,152524
6840,2017,1,156660
6840,2017,2,163899
6840,2018,1,176388
6840,2018,2,185739
6840,2019,1,195321
6840,2019,2,198829
6840,2020,1,203456
6840,2020,2,204375
6840,2021,1,205246
6840,2021,2,207346
6840,2022,1,214374
6840,2022,2,216712
6840,2023,1,230145
6840,2023,2,238762
6840,2024,1,243126
6840,2024,2,247269
6840,2025,1,250239
6840,2025,2,251511
6840,2026,1,252641
6853,2010,1,108464
6853,2010,2,108866
6853,2011,1,110123
6853,2011,2,115090
6853,2012,1,118003
6853,2012,2,123164
6853,2013,1,118754
6853,2013,2,128244
6853,2014,1,129095
6853,2014,2,129940
6853,2015,1,134516
6853,2015,2,138252
6853,2016,1,143509
6853,2016,2,153849
6853,2017,1,157183
6853,2017,2,163001
6853,2018,1,169201
6853,2018,2,180350
6853,2019,1,198711
6853,2019,2,209394
6853,2020,1,223094
6853,2020,2,224357
6853,2021,1,225966
6853,2021,2,230706
6853,2022,1,234564
6853,2022,2,238739
6853,2023,1,249748
6853,2023,2,262551
6853,2024,1,267021
6853,2024,2,270724
6853,2025,1,278326
6853,2025,2,280178
6853,2026,1,282536
6866,2010,1,103780
6866,2010,2,100947
6866,2011,1,103765
6866,2011,2,102951
6866,2012,1,107477
6866,2012,2,111559
6866,2013,1,117989
6866,2013,2,123616
6866,2014,1,125217
6866,2014,2,131474
6866,2015,1,139853
6866,2015,2,142556
6866,2016,1,148586
6866,2016,2,157427
6866,2017,1,161530
6866,2017,2,167893
6866,2018,1,176062
6866,2018,2,199737
6866,2019,1,198242
6866,2019,2,208492
6866,2020,1,216409
6866,2020,2,211203
6866,2021,1,215145
6866,2021,2,220755
6866,2022,1,227269
6866,2022,2,235988
6866,2023,1,245223
6866,2023,2,255373
6866,2024,1,261283
6866,2024,2,264080
6866,2025,1,266361
6866,2025,2,271064
6866,2026,1,273540
6879,2010,1,88782
6879,2010,2,84617
6879,2011,1,87934
6879,2011,2,90591
6879,2012,1,87389
6879,2012,2,96008
6879,2013,1,97175
6879,2013,2,100791
6879,2014,1,104870
6879,2014,2,106648
6879,2015,1,111074
6879,2015,2,116234
6879,2016,1,120813
6879,2016,2,127977
6879,2017,1,131456
6879,2017,2,136757
6879,2018,1,142459
6879,2018,2,150050
6879,2019,1,161455
6879,2019,2,169406
6879,2020,1,174955
6879,2020,2,180135
6879,2021,1,191340
6879,2021,2,193659
6879,2022,1,199076
6879,2022,2,199921
6879,2023,1,212226
6879,2023,2,220391
6879,2024,1,223458
6879,2024,2,221816
6879,2025,1,225273
6879,2025,2,226520
6879,2026,1,232562
6892,2010,1,79533
6892,2010,2,81112
6892,2011,1,84470
6892,2011,2,88645
6892,2012,1,83149
6892,2012,2,90510
6892,2013,1,89295
6892,2013,2,97004
6892,2014,1,96782
6892,2014,2,104951
6892,2015,1,103874
6892,2015,2,106060
6892,2016,1,113289
6892,2016,2,119308
6892,2017,1,122918
6892,2017,2,128508
6892,2018,1,129160
6892,2018,2,135852
6892,2019,1,142030
6892,2019,2,150052
6892,2020,1,156731
6892,2020,2,164614
6892,2021,1,173250
6892,2021,2,174178
6892,2022,1,185264
6892,2022,2,189031
6892,2023,1,194463
6892,2023,2,207037
6892,2024,1,210152
6892,2024,2,212500
6892,2025,1,220081
6892,2025,2,220354
6892,2026,1,222306
6905,2010,1,93030
6905,2010,2,91167
6905,2011,1,95130
6905,2011,2,98620
6905,2012,1,107051
6905,2012,2,116554
6905,2013,1,116803
6905,2013,2,126015
6905,2014,1,126338
6905,2014,2,136494
6905,2015,1,137626
6905,2015,2,140738
6905,2016,1,147280
6905,2016,2,152163
6905,2017,1,157414
6905,2017,2,164637
6905,2018,1,169977
6905,2018,2,164540
6905,2019,1,170086
6905,2019,2,177500
6905,2020,1,184533
6905,2020,2,189117
6905,2021,1,206294
6905,2021,2,207145
6905,2022,1,223097
6905,2022,2,226437
6905,2023,1,236187
6905,2023,2,246180
6905,2024,1,254202
6905,2024,2,252322
6905,2025,1,258751
6905,2025,2,261462
6905,2026,1,272448
6918,2010,1,101602
6918,2010,2,94720
6918,2011,1,96658
6918,2011,2,95502
6918,2012,1,103334
6918,2012,2,101771
6918,2013,1,107298
6918,2013,2,116402
6918,2014,1,112398
6918,2014,2,119120
6918,2015,1,119672
6918,2015,2,124273
6918,2016,1,128283
6918,2016,2,135760
6918,2017,1,139420
6918,2017,2,145761
6918,2018,1,152559
6918,2018,2,163030
6918,2019,1,170023
6918,2019,2,176436
6918,2020,1,182443
6918,2020,2,189535
6918,2021,1,189028
6918,2021,2,195374
6918,2022,1,200625
6918,2022,2,208344
6918,2023,1,210767
6918,2023,2,220443
6918,2024,1,229326
6918,2024,2,233977
6918,2025,1,236986
6918,2025,2,240163
6918,2026,1,241932
6931,2010,1,87120
6931,2010,2,90496
6931,2011,1,91993
6931,2011,2,88444
6931,2012,1,84211
6931,2012,2,91841
6931,2013,1,93140
6931,2013,2,100604
6931,2014,1,103648
6931,2014,2,110164
6931,2015,1,110430
6931,2015,2,113795
6931,2016,1,114608
6931,2016,2,115556
6931,2017,1,119124
6931,2017,2,125125
6931,2018,1,131820
6931,2018,2,138693
6931,2019,1,145489
6931,2019,2,151602
6931,2020,1,158482
6931,2020,2,161580
6931,2021,1,172935
6931,2021,2,0
6931,2022,1,183371
6931,2022,2,192239
6931,2023,1,194853
6931,2023,2,201946
6931,2024,1,205982
6931,2024,2,211355
6931,2025,1,216121
6931,2025,2,219579
6931,2026,1,221015
6944,2010,1,93077
6944,2010,2,98247
6944,2011,1,99638
6944,2011,2,99661
6944,2012,1,96988
6944,2012,2,105237
6944,2013,1,105320
6944,2013,2,113536
6944,2014,1,112897
6944,2014,2,117562
6944,2015,1,121878
6944,2015,2,126728
6944,2016,1,131508
6944,2016,2,137978
6944,2017,1,141226
6944,2017,2,148118
6944,2018,1,154530
6944,2018,2,162899
6944,2019,1,176515
6944,2019,2,185736
6944,2020,1,194484
6944,2020,2,196174
6944,2021,1,212761
6944,2021,2,215034
6944,2022,1,225104
6944,2022,2,232804
6944,2023,1,237245
6944,2023,2,255303
6944,2024,1,258360
6944,2024,2,266931
6944,2025,1,267989
6944,2025,2,270747
6944,2026,1,273308
6957,2010,1,148257
6957,2010,2,144015
6957,2011,1,152890
6957,2011,2,155679
6957,2012,1,142472
6957,2012,2,155876
6957,2013,1,157610
6957,2013,2,158273
6957,2014,1,166216
6957,2014,2,185400
6957,2015,1,179574
6957,2015,2,185057
6957,2016,1,199391
6957,2016,2,220486
6957,2017,1,228347
6957,2017,2,242022
6957,2018,1,249104
6957,2018,2,269167
6957,2019,1,249770
6957,2019,2,275382
6957,2020,1,255749
6957,2020,2,285436
6957,2021,1,285645
6957,2021,2,295409
6957,2022,1,322115
6957,2022,2,323830
6957,2023,1,346760
6957,2023,2,362612
6957,2024,1,379657
6957,2024,2,388408
6957,2025,1,388892
6957,2025,2,392061
6957,2026,1,387342
6970,2010,1,95916
6970,2010,2,100263
6970,2011,1,102200
6970,2011,2,104754
6970,2012,1,109297
6970,2012,2,117597
6970,2013,1,116217
6970,2013,2,120532
6970,2014,1,122344
6970,2014,2,119163
6970,2015,1,125105
6970,2015,2,126631
6970,2016,1,135009
6970,2016,2,143356
6970,2017,1,148121
6970,2017,2,153959
6970,2018,1,161334
6970,2018,2,172091
6970,2019,1,185725
6970,2019,2,192633
6970,2020,1,209720
6970,2020,2,210537
6970,2021,1,217664
6970,2021,2,219340
6970,2022,1,222862
6970,2022,2,233781
6970,2023,1,242636
6970,2023,2,250950
6970,2024,1,260473
6970,2024,2,269836
6970,2025,1,266624
6970,2025,2,275141
6970,2026,1,270807
6983,2010,1,94633
6983,2010,2,95681
6983,2011,1,98569
6983,2011,2,102932
6983,2012,1,103673
6983,2012,2,112082
6983,2013,1,111378
6983,2013,2,117866
6983,2014,1,115792
6983,2014,2,121588
6983,2015,1,126819
6983,2015,2,129962
6983,2016,1,134289
6983,2016,2,141250
6983,2017,1,146052
6983,2017,2,151518
6983,2018,1,159626
6983,2018,2,170221
6983,2019,1,182686
6983,2019,2,187174
6983,2020,1,199140
6983,2020,2,203611
6983,2021,1,199735
6983,2021,2,209167
6983,2022,1,218209
6983,2022,2,227145
6983,2023,1,232725
6983,2023,2,240727
6983,2024,1,240918
6983,2024,2,247288
6983,2025,1,243075
6983,2025,2,247938
6983,2026,1,250903
6996,2010,1,96310
6996,2010,2,98254
6996,2011,1,99722
6996,2011,2,106641
6996,2012,1,104682
6996,2012,2,113281
6996,2013,1,113962
6996,2013,2,123200
6996,2014,1,123567
6996,2014,2,133609
6996,2015,1,139327
6996,2015,2,142205
6996,2016,1,148851
6996,2016,2,158297
6996,2017,1,163377
6996,2017,2,169062
6996,2018,1,175760
6996,2018,2,188225
6996,2019,1,200925
6996,2019,2,203532
6996,2020,1,210176
6996,2020,2,217895
6996,2021,1,224657
6996,2021,2,225210
6996,2022,1,237273
6996,2022,2,242631
6996,2023,1,254714
6996,2023,2,267639
6996,2024,1,268058
6996,2024,2,279267
6996,2025,1,277894
6996,2025,2,283068
6996,2026,1,277642
7009,2010,1,91121
7009,2010,2,96641
7009,2011,1,97457
7009,2011,2,101494
7009,2012,1,107183
7009,2012,2,110390
7009,2013,1,117090
7009,2013,2,121799
7009,2014,1,128451
7009,2014,2,126072
7009,2015,1,132695
7009,2015,2,133792
7009,2016,1,139607
7009,2016,2,147229
7009,2017,1,151907
7009,2017,2,157823
7009,2018,1,163191
7009,2018,2,175176
7009,2019,1,187530
7009,2019,2,195972
7009,2020,1,199185
7009,2020,2,205617
7009,2021,1,217409
7009,2021,2,219260
7009,2022,1,224380
7009,2022,2,234564
7009,2023,1,236675
7009,2023,2,242050
7009,2024,1,248238
7009,2024,2,249088
7009,2025,1,248350
7009,2025,2,250287
7009,2026,1,247188
7022,2010,1,90764
7022,2010,2,94934
7022,2011,1,96963
7022,2011,2,99467
7022,2012,1,101191
7022,2012,2,105193
7022,2013,1,106359
7022,2013,2,116298
7022,2014,1,117474
7022,2014,2,123299
7022,2015,1,123257
7022,2015,2,129263
7022,2016,1,133910
7022,2016,2,139664
7022,2017,1,143608
7022,2017,2,148516
7022,2018,1,155803
7022,2018,2,167287
7022,2019,1,181240
7022,2019,2,190247
7022,2020,1,193212
7022,2020,2,197685
7022,2021,1,205044
7022,2021,2,211036
7022,2022,1,221409
7022,2022,2,229105
7022,2023,1,235191
7022,2023,2,241506
7022,2024,1,247643
7022,2024,2,247778
7022,2025,1,248139
7022,2025,2,250389
7022,2026,1,253539
7035,2010,1,80553
7035,2010,2,81638
7035,2011,1,82178
7035,2011,2,77442
7035,2012,1,81612
7035,2012,2,88799
7035,2013,1,87417
7035,2013,2,92902
7035,2014,1,91971
7035,2014,2,98523
7035,2015,1,101093
7035,2015,2,105008
7035,2016,1,110271
7035,2016,2,116958
7035,2017,1,120907
7035,2017,2,126051
7035,2018,1,130819
7035,2018,2,139009
7035,2019,1,148971
7035,2019,2,153086
7035,2020,1,158594
7035,2020,2,165332
7035,2021,1,174334
7035,2021,2,176933
7035,2022,1,184934
7035,2022,2,191620
7035,2023,1,199427
7035,2023,2,206323
7035,2024,1,212562
7035,2024,2,219996
7035,2025,1,220722
7035,2025,2,226204
7035,2026,1,228286
7048,2010,1,95659
7048,2010,2,98280
7048,2011,1,100562
7048,2011,2,103210
7048,2012,1,107403
7048,2012,2,112225
7048,2013,1,115095
7048,2013,2,123123
7048,2014,1,129924
7048,2014,2,135353
7048,2015,1,140811
7048,2015,2,141989
7048,2016,1,149091
7048,2016,2,157810
7048,2017,1,162424
7048,2017,2,169508
7048,2018,1,175547
7048,2018,2,188228
7048,2019,1,209611
7048,2019,2,214502
7048,2020,1,216528
7048,2020,2,217740
7048,2021,1,228423
7048,2021,2,228820
7048,2022,1,237304
7048,2022,2,239846
7048,2023,1,251976
7048,2023,2,256225
7048,2024,1,266787
7048,2024,2,274502
7048,2025,1,272354
7048,2025,2,278998
7048,2026,1,277276
7061,2010,1,101048
7061,2010,2,104474
7061,2011,1,105611
7061,2011,2,110585
7061,2012,1,115534
7061,2012,2,120603
7061,2013,1,123611
7061,2013,2,130375
7061,2014,1,126339
7061,2014,2,132287
7061,2015,1,133837
7061,2015,2,141147
7061,2016,1,145574
7061,2016,2,153735
7061,2017,1,159509
7061,2017,2,164998
7061,2018,1,174390
7061,2018,2,187087
7061,2019,1,199848
7061,2019,2,206065
7061,2020,1,210086
7061,2020,2,214930
7061,2021,1,230160
7061,2021,2,234370
7061,2022,1,247079
7061,2022,2,253427
7061,2023,1,258576
7061,2023,2,269214
7061,2024,1,274325
7061,2024,2,279575
7061,2025,1,284337
7061,2025,2,286589
7061,2026,1,290939
7074,2010,1,92700
7074,2010,2,95987
7074,2011,1,96119
7074,2011,2,100929
7074,2012,1,105730
7074,2012,2,106840
7074,2013,1,109720
7074,2013,2,114929
7074,2014,1,115265
7074,2014,2,121900
7074,2015,1,122128
7074,2015,2,127681
7074,2016,1,132552
7074,2016,2,138445
7074,2017,1,141733
7074,2017,2,148659
7074,2018,1,153890
7074,2018,2,174277
7074,2019,1,184508
7074,2019,2,188854
7074,2020,1,198613
7074,2020,2,200386
7074,2021,1,213676
7074,2021,2,217123
7074,2022,1,229273
7074,2022,2,235799
7074,2023,1,242035
7074,2023,2,249977
7074,2024,1,250776
7074,2024,2,256854
7074,2025,1,253409
7074,2025,2,258362
7074,2026,1,263017
7087,2010,1,93324
7087,2010,2,99352
7087,2011,1,97939
7087,2011,2,100066
7087,2012,1,108686
7087,2012,2,114792
7087,2013,1,116367
7087,2013,2,124831
7087,2014,1,126011
7087,2014,2,129598
7087,2015,1,135112
7087,2015,2,137611
7087,2016,1,144150
7087,2016,2,150050
7087,2017,1,154536
7087,2017,2,160195
7087,2018,1,165367
7087,2018,2,177322
7087,2019,1,189600
7087,2019,2,192305
7087,2020,1,203246
7087,2020,2,206710
7087,2021,1,206253
7087,2021,2,211250
7087,2022,1,217517
7087,2022,2,222738
7087,2023,1,228883
7087,2023,2,236263
7087,2024,1,243538
7087,2024,2,245524
7087,2025,1,252249
7087,2025,2,255231
7087,2026,1,256883
7100,2010,1,81322
7100,2010,2,83005
7100,2011,1,80414
7100,2011,2,84052
7100,2012,1,89724
7100,2012,2,96090
7100,2013,1,97428
7100,2013,2,103928
7100,2014,1,108172
7100,2014,2,112571
7100,2015,1,116098
7100,2015,2,116463
7100,2016,1,122699
7100,2016,2,129887
7100,2017,1,133325
7100,2017,2,138737
7100,2018,1,145618
7100,2018,2,157719
7100,2019,1,165558
7100,2019,2,169575
7100,2020,1,174513
7100,2020,2,179138
7100,2021,1,185814
7100,2021,2,188914
7100,2022,1,192426
7100,2022,2,199187
7100,2023,1,205156
7100,2023,2,211861
7100,2024,1,215675
7100,2024,2,221362
7100,2025,1,222618
7100,2025,2,226042
7100,2026,1,227614
7113,2010,1,87598
7113,2010,2,88269
7113,2011,1,88551
7113,2011,2,86165
7113,2012,1,90245
7113,2012,2,96541
7113,2013,1,96799
7113,2013,2,103896
7113,2014,1,104643
7113,2014,2,113333
7113,2015,1,114286
7113,2015,2,116489
7113,2016,1,121211
7113,2016,2,126629
7113,2017,1,129000
7113,2017,2,135816
7113,2018,1,0
7113,2018,2,145883
7113,2019,1,148870
7113,2019,2,153200
7113,2020,1,0
7113,2020,2,164445
7113,2021,1,164445
7113,2021,2,170190
7113,2022,1,0
7113,2022,2,186660
7113,2023,1,0
7113,2023,2,0
7113,2024,1,201535
7113,2024,2,0
7113,2025,1,0
7113,2025,2,210772
7113,2026,1,0
7126,2010,1,109066
7126,2010,2,111569
7126,2011,1,106512
7126,2011,2,112871
7126,2012,1,119030
7126,2012,2,128509
7126,2013,1,128544
7126,2013,2,133267
7126,2014,1,128136
7126,2014,2,135109
7126,2015,1,138838
7126,2015,2,143609
7126,2016,1,151583
7126,2016,2,157965
7126,2017,1,162796
7126,2017,2,168680
7126,2018,1,173847
7126,2018,2,190800
7126,2019,1,204601
7126,2019,2,204974
7126,2020,1,209932
7126,2020,2,218442
7126,2021,1,212629
7126,2021,2,217417
7126,2022,1,226394
7126,2022,2,236050
7126,2023,1,245307
7126,2023,2,249245
7126,2024,1,258935
7126,2024,2,263972
7126,2025,1,266246
7126,2025,2,267532
7126,2026,1,268908
7139,2010,1,87652
7139,2010,2,83265
7139,2011,1,83415
7139,2011,2,87103
7139,2012,1,88140
7139,2012,2,90959
7139,2013,1,94619
7139,2013,2,99219
7139,2014,1,99267
7139,2014,2,102821
7139,2015,1,104254
7139,2015,2,109670
7139,2016,1,114424
7139,2016,2,117880
7139,2017,1,121906
7139,2017,2,126210
7139,2018,1,126890
7139,2018,2,134900
7139,2019,1,146786
7139,2019,2,150525
7139,2020,1,156858
7139,2020,2,161213
7139,2021,1,169920
7139,2021,2,173416
7139,2022,1,176807
7139,2022,2,181682
7139,2023,1,185459
7139,2023,2,189100
7139,2024,1,195370
7139,2024,2,200341
7139,2025,1,202696
7139,2025,2,207796
7139,2026,1,211653
7152,2010,1,95410
7152,2010,2,97417
7152,2011,1,99232
7152,2011,2,102363
7152,2012,1,103162
7152,2012,2,111345
7152,2013,1,111372
7152,2013,2,119474
7152,2014,1,122756
7152,2014,2,118192
7152,2015,1,122968
7152,2015,2,127665
7152,2016,1,132250
7152,2016,2,137435
7152,2017,1,141394
7152,2017,2,146994
7152,2018,1,152318
7152,2018,2,160436
7152,2019,1,166716
7152,2019,2,176700
7152,2020,1,183762
7152,2020,2,191294
7152,2021,1,186646
7152,2021,2,192957
7152,2022,1,198691
7152,2022,2,205422
7152,2023,1,213197
7152,2023,2,216928
7152,2024,1,226601
7152,2024,2,232729
7152,2025,1,237854
7152,2025,2,240735
7152,2026,1,243121
7165,2010,1,99773
7165,2010,2,104050
7165,2011,1,105110
7165,2011,2,110267
7165,2012,1,114953
7165,2012,2,122326
7165,2013,1,121564
7165,2013,2,118435
7165,2014,1,118788
7165,2014,2,122074
7165,2015,1,122862
7165,2015,2,127218
7165,2016,1,133189
7165,2016,2,141063
7165,2017,1,144009
7165,2017,2,150969
7165,2018,1,155855
7165,2018,2,155527
7165,2019,1,159703
7165,2019,2,169590
7165,2020,1,177964
7165,2020,2,185074
7165,2021,1,181305
7165,2021,2,187839
7165,2022,1,194244
7165,2022,2,204039
7165,2023,1,209602
7165,2023,2,219230
7165,2024,1,222346
7165,2024,2,229334
7165,2025,1,224113
7165,2025,2,229958
7165,2026,1,233250
7178,2010,1,89169
7178,2010,2,91695
7178,2011,1,90524
7178,2011,2,97349
7178,2012,1,99200
7178,2012,2,105800
7178,2013,1,105911
7178,2013,2,114201
7178,2014,1,115303
7178,2014,2,122125
7178,2015,1,123948
7178,2015,2,126094
7178,2016,1,133882
7178,2016,2,139681
7178,2017,1,144976
7178,2017,2,153571
7178,2018,1,0
7178,2018,2,162884
7178,2019,1,166034
7178,2019,2,174278
7178,2020,1,188584
7178,2020,2,185580
7178,2021,1,200000
7178,2021,2,201640
7178,2022,1,213333
7178,2022,2,219920
7178,2023,1,224390
7178,2023,2,237386
7178,2024,1,243490
7178,2024,2,251041
7178,2025,1,248681
7178,2025,2,248140
7178,2026,1,253243
7191,2010,1,84090
7191,2010,2,89787
7191,2011,1,87905
7191,2011,2,90072
7191,2012,1,95540
7191,2012,2,103362
7191,2013,1,104904
7191,2013,2,113194
7191,2014,1,113331
7191,2014,2,119232
7191,2015,1,124463
7191,2015,2,128487
7191,2016,1,135114
7191,2016,2,137988
7191,2017,1,143852
7191,2017,2,147748
7191,2018,1,147733
7191,2018,2,159410
7191,2019,1,169758
7191,2019,2,175057
7191,2020,1,179178
7191,2020,2,183149
7191,2021,1,181378
7191,2021,2,185347
7191,2022,1,189749
7191,2022,2,192790
7191,2023,1,203631
7191,2023,2,213634
7191,2024,1,219533
7191,2024,2,222504
7191,2025,1,224132
7191,2025,2,227176
7191,2026,1,235204
7204,2010,1,89975
7204,2010,2,91564
7204,2011,1,92988
7204,2011,2,94293
7204,2012,1,95187
7204,2012,2,103242
7204,2013,1,104844
7204,2013,2,112679
7204,2014,1,108729
7204,2014,2,117068
7204,2015,1,116622
7204,2015,2,122333
7204,2016,1,125901
7204,2016,2,134427
7204,2017,1,137910
7204,2017,2,143420
7204,2018,1,148689
7204,2018,2,163004
7204,2019,1,176011
7204,2019,2,186665
7204,2020,1,189003
7204,2020,2,189198
7204,2021,1,201852
7204,2021,2,202212
7204,2022,1,202689
7204,2022,2,208255
7204,2023,1,214118
7204,2023,2,224209
7204,2024,1,229482
7204,2024,2,229664
7204,2025,1,238145
7204,2025,2,239439
7204,2026,1,247897
7217,2010,1,113593
7217,2010,2,119760
7217,2011,1,120692
7217,2011,2,113702
7217,2012,1,121189
7217,2012,2,124928
7217,2013,1,130795
7217,2013,2,133005
7217,2014,1,129456
7217,2014,2,137091
7217,2015,1,129775
7217,2015,2,136044
7217,2016,1,140704
7217,2016,2,143391
7217,2017,1,149515
7217,2017,2,158481
7217,2018,1,163848
7217,2018,2,177266
7217,2019,1,173600
7217,2019,2,180219
7217,2020,1,182347
7217,2020,2,197689
7217,2021,1,205381
7217,2021,2,208005
7217,2022,1,216011
7217,2022,2,220741
7217,2023,1,226771
7217,2023,2,237446
7217,2024,1,243168
7217,2024,2,248510
7217,2025,1,250572
7217,2025,2,257390
7217,2026,1,262580
7230,2010,1,89899
7230,2010,2,84813
7230,2011,1,86950
7230,2011,2,90595
7230,2012,1,97465
7230,2012,2,105230
7230,2013,1,103571
7230,2013,2,111174
7230,2014,1,113314
7230,2014,2,119278
7230,2015,1,122300
7230,2015,2,118057
7230,2016,1,125520
7230,2016,2,130838
7230,2017,1,136450
7230,2017,2,142144
7230,2018,1,147079
7230,2018,2,159406
7230,2019,1,171738
7230,2019,2,178567
7230,2020,1,182298
7230,2020,2,193985
7230,2021,1,190000
7230,2021,2,193938
7230,2022,1,0
7230,2022,2,205072
7230,2023,1,210465
7230,2023,2,216022
7230,2024,1,0
7230,2024,2,230103
7230,2025,1,233255
7230,2025,2,0
7230,2026,1,240120
7243,2010,1,85352
7243,2010,2,82119
7243,2011,1,83210
7243,2011,2,87613
7243,2012,1,93707
7243,2012,2,102698
7243,2013,1,101593
7243,2013,2,105651
7243,2014,1,112110
7243,2014,2,113837
7243,2015,1,114023
7243,2015,2,116013
7243,2016,1,121038
7243,2016,2,126225
7243,2017,1,131450
7243,2017,2,136613
7243,2018,1,141618
7243,2018,2,153392
7243,2019,1,166350
7243,2019,2,173148
7243,2020,1,179133
7243,2020,2,188808
7243,2021,1,193773
7243,2021,2,193759
7243,2022,1,196165
7243,2022,2,201663
7243,2023,1,202504
7243,2023,2,204242
7243,2024,1,213253
7243,2024,2,214222
7243,2025,1,219040
7243,2025,2,220650
7243,2026,1,218908
7256,2010,1,86730
7256,2010,2,84482
7256,2011,1,87190
7256,2011,2,90070
7256,2012,1,88603
7256,2012,2,96913
7256,2013,1,96182
7256,2013,2,100200
7256,2014,1,100659
7256,2014,2,105056
7256,2015,1,108388
7256,2015,2,112186
7256,2016,1,116121
7256,2016,2,122054
7256,2017,1,126874
7256,2017,2,130860
7256,2018,1,137653
7256,2018,2,147452
7256,2019,1,152631
7256,2019,2,164907
7256,2020,1,168742
7256,2020,2,177520
7256,2021,1,181676
7256,2021,2,181078
7256,2022,1,188856
7256,2022,2,189441
7256,2023,1,198718
7256,2023,2,203376
7256,2024,1,207048
7256,2024,2,207557
7256,2025,1,201482
7256,2025,2,205696
7256,2026,1,202472
7269,2010,1,84400
7269,2010,2,87698
7269,2011,1,86307
7269,2011,2,89836
7269,2012,1,93112
7269,2012,2,90568
7269,2013,1,98179
7269,2013,2,107815
7269,2014,1,105408
7269,2014,2,106975
7269,2015,1,101978
7269,2015,2,107826
7269,2016,1,112777
7269,2016,2,118712
7269,2017,1,123274
7269,2017,2,127821
7269,2018,1,133195
7269,2018,2,147179
7269,2019,1,160788
7269,2019,2,174352
7269,2020,1,180707
7269,2020,2,188789
7269,2021,1,184244
7269,2021,2,183071
7269,2022,1,185212
7269,2022,2,191095
7269,2023,1,194048
7269,2023,2,201180
7269,2024,1,204285
7269,2024,2,214086
7269,2025,1,213722
7269,2025,2,214975
7269,2026,1,217012
7282,2010,1,97235
7282,2010,2,93344
7282,2011,1,0
7282,2011,2,0
7282,2012,1,88865
7282,2012,2,95422
7282,2013,1,94666
7282,2013,2,93747
7282,2014,1,91429
7282,2014,2,97436
7282,2015,1,98311
7282,2015,2,98941
7282,2016,1,104483
7282,2016,2,110197
7282,2017,1,113766
7282,2017,2,120074
7282,2018,1,124911
7282,2018,2,131775
7282,2019,1,138477
7282,2019,2,146205
7282,2020,1,154522
7282,2020,2,151659
7282,2021,1,152601
7282,2021,2,152837
7282,2022,1,161039
7282,2022,2,162860
7282,2023,1,170594
7282,2023,2,166401
7282,2024,1,174273
7282,2024,2,178347
7282,2025,1,180404
7282,2025,2,181753
7282,2026,1,180193
7295,2010,1,94909
7295,2010,2,99599
7295,2011,1,99412
7295,2011,2,98292
7295,2012,1,96970
7295,2012,2,104948
7295,2013,1,104006
7295,2013,2,108682
7295,2014,1,0
7295,2014,2,103369
7295,2015,1,104040
7295,2015,2,106163
7295,2016,1,110698
7295,2016,2,118155
7295,2017,1,121380
7295,2017,2,125226
7295,2018,1,130850
7295,2018,2,140101
7295,2019,1,149629
7295,2019,2,159726
7295,2020,1,172081
7295,2020,2,167430
7295,2021,1,163911
7295,2021,2,167662
7295,2022,1,175508
7295,2022,2,182713
7295,2023,1,190168
7295,2023,2,199932
7295,2024,1,209325
7295,2024,2,213095
7295,2025,1,0
7295,2025,2,0
7295,2026,1,218933
7308,2010,1,94350
7308,2010,2,96755
7308,2011,1,98314
7308,2011,2,95501
7308,2012,1,92878
7308,2012,2,96560
7308,2013,1,96741
7308,2013,2,100397
7308,2014,1,101301
7308,2014,2,106163
7308,2015,1,106921
7308,2015,2,108152
7308,2016,1,113244
7308,2016,2,122763
7308,2017,1,126645
7308,2017,2,131364
7308,2018,1,138494
7308,2018,2,150798
7308,2019,1,148214
7308,2019,2,150469
7308,2020,1,160039
7308,2020,2,160000
7308,2021,1,162226
7308,2021,2,165046
7308,2022,1,172131
7308,2022,2,183489
7308,2023,1,186691
7308,2023,2,0
7308,2024,1,194091
7308,2024,2,200944
7308,2025,1,202954
7308,2025,2,0
7308,2026,1,210909
7321,2010,1,98693
7321,2010,2,97425
7321,2011,1,100237
7321,2011,2,105406
7321,2012,1,109748
7321,2012,2,104611
7321,2013,1,108713
7321,2013,2,114259
7321,2014,1,112268
7321,2014,2,121654
7321,2015,1,123642
7321,2015,2,130411
7321,2016,1,135644
7321,2016,2,143601
7321,2017,1,148613
7321,2017,2,154499
7321,2018,1,162022
7321,2018,2,181074
7321,2019,1,187069
7321,2019,2,190235
7321,2020,1,202885
7321,2020,2,203878
7321,2021,1,212637
7321,2021,2,215834
7321,2022,1,229676
7321,2022,2,230245
7321,2023,1,243295
7321,2023,2,255803
7321,2024,1,267360
7321,2024,2,272996
7321,2025,1,273971
7321,2025,2,279824
7321,2026,1,283297
7334,2010,1,84942
7334,2010,2,85587
7334,2011,1,85888
7334,2011,2,83850
7334,2012,1,90701
7334,2012,2,95017
7334,2013,1,98507
7334,2013,2,105884
7334,2014,1,105175
7334,2014,2,111861
7334,2015,1,115755
7334,2015,2,117523
7334,2016,1,122499
7334,2016,2,125031
7334,2017,1,128673
7334,2017,2,133521
7334,2018,1,138151
7334,2018,2,149306
7334,2019,1,158708
7334,2019,2,166752
7334,2020,1,176227
7334,2020,2,176975
7334,2021,1,173879
7334,2021,2,178501
7334,2022,1,190297
7334,2022,2,192000
7334,2023,1,208927
7334,2023,2,218549
7334,2024,1,226709
7334,2024,2,233960
7334,2025,1,237500
7334,2025,2,240685
7334,2026,1,238936
7347,2010,1,71594
7347,2010,2,75366
7347,2011,1,74998
7347,2011,2,75660
7347,2012,1,81728
7347,2012,2,78273
7347,2013,1,82849
7347,2013,2,89737
7347,2014,1,0
7347,2014,2,90954
7347,2015,1,88379
7347,2015,2,90909
7347,2016,1,96512
7347,2016,2,101844
7347,2017,1,106400
7347,2017,2,110000
7347,2018,1,118763
7347,2018,2,117754
7347,2019,1,123282
7347,2019,2,131528
7347,2020,1,138956
7347,2020,2,137974
7347,2021,1,137143
7347,2021,2,0
7347,2022,1,140351
7347,2022,2,151669
7347,2023,1,0
7347,2023,2,0
7347,2024,1,161142
7347,2024,2,167059
7347,2025,1,170920
7347,2025,2,172387
7347,2026,1,173995
7360,2010,1,86521
7360,2010,2,90102
7360,2011,1,91570
7360,2011,2,94807
7360,2012,1,95011
7360,2012,2,94676
7360,2013,1,100381
7360,2013,2,107755
7360,2014,1,106812
7360,2014,2,112867
7360,2015,1,114481
7360,2015,2,120482
7360,2016,1,124953
7360,2016,2,131319
7360,2017,1,135407
7360,2017,2,140008
7360,2018,1,145131
7360,2018,2,153426
7360,2019,1,166666
7360,2019,2,175669
7360,2020,1,185702
7360,2020,2,191587
7360,2021,1,190522
7360,2021,2,194812
7360,2022,1,199489
7360,2022,2,210486
7360,2023,1,213337
7360,2023,2,232974
7360,2024,1,233722
7360,2024,2,242281
7360,2025,1,237652
7360,2025,2,241550
7360,2026,1,241698
7373,2010,1,107747
7373,2010,2,112072
7373,2011,1,112106
7373,2011,2,117431
7373,2012,1,119215
7373,2012,2,0
7373,2013,1,126154
7373,2013,2,116571
7373,2014,1,0
7373,2014,2,118056
7373,2015,1,123810
7373,2015,2,126060
7373,2016,1,0
7373,2017,1,131924
7373,2017,2,136571
7373,2018,1,0
7373,2018,2,149178
7373,2019,1,0
7373,2019,2,153960
7373,2020,1,0
7373,2020,2,191388
7373,2021,1,191388
7373,2021,2,0
7373,2022,1,0
7373,2022,2,0
7373,2023,1,209438
7373,2023,2,231855
7373,2024,1,0
7373,2024,2,0
7373,2025,1,0
7373,2025,2,0
7373,2026,1,0
7386,2010,1,86507
7386,2010,2,88436
7386,2011,1,90916
7386,2011,2,90764
7386,2012,1,98825
7386,2012,2,0
7386,2013,1,107692
7386,2013,2,100290
7386,2014,1,110167
7386,2014,2,111883
7386,2015,1,117463
7386,2015,2,120000
7386,2016,1,0
7386,2017,1,125150
7386,2017,2,129869
7386,2018,1,0
7386,2018,2,141301
7386,2019,1,0
7386,2019,2,140829
7386,2020,1,0
7386,2020,2,168421
7386,2021,1,168421
7386,2021,2,0
7386,2022,1,0
7386,2022,2,0
7386,2023,1,184956
7386,2023,2,204039
7386,2024,1,0
7386,2024,2,0
7386,2025,1,0
7386,2025,2,0
7386,2026,1,0
7399,2010,1,90838
7399,2010,2,92224
7399,2011,1,92858
7399,2011,2,92121
7399,2012,1,98299
7399,2012,2,0
7399,2013,1,102857
7399,2013,2,98425
7399,2014,1,0
7399,2014,2,99884
7399,2015,1,104482
7399,2015,2,106774
7399,2016,1,0
7399,2017,1,112007
7399,2017,2,0
7399,2018,1,119424
7399,2018,2,126892
7399,2019,1,131778
7399,2019,2,139161
7399,2020,1,0
7399,2020,2,164411
7399,2021,1,164411
7399,2021,2,0
7399,2022,1,0
7399,2022,2,0
7399,2023,1,180381
7399,2023,2,198611
7399,2024,1,0
7399,2024,2,0
7399,2025,1,0
7399,2025,2,0
7399,2026,1,0
7412,2010,1,80558
7412,2010,2,78945
7412,2011,1,79138
7412,2011,2,81609
7412,2012,1,83617
7412,2012,2,89177
7412,2013,1,91692
7412,2013,2,93160
7412,2014,1,100991
7412,2014,2,102894
7412,2015,1,107255
7412,2015,2,107317
7412,2016,1,108000
7412,2017,1,110424
7412,2017,2,114850
7412,2018,1,118553
7412,2018,2,125707
7412,2019,1,130194
7412,2019,2,137972
7412,2020,1,142201
7412,2020,2,148607
7412,2021,1,148607
7412,2021,2,148176
7412,2022,1,160646
7412,2022,2,0
7412,2023,1,175538
7412,2023,2,191869
7412,2024,1,0
7412,2024,2,204255
7412,2025,1,0
7412,2025,2,0
7412,2026,1,0
7425,2010,1,136587
7425,2010,2,144674
7425,2011,1,148074
7425,2011,2,155151
7425,2012,1,155819
7425,2012,2,157877
7425,2013,1,172716
7425,2013,2,180976
7425,2014,1,184655
7425,2014,2,191518
7425,2015,1,199445
7425,2015,2,207691
7425,2016,1,215183
7425,2016,2,228165
7425,2017,1,236621
7425,2017,2,234786
7425,2018,1,227813
7425,2018,2,240654
7425,2019,1,255579
7425,2019,2,249688
7425,2020,1,252529
7425,2020,2,263753
7425,2021,1,266618
7425,2021,2,271268
7425,2022,1,289075
7425,2022,2,296124
7425,2023,1,296392
7425,2023,2,292829
7425,2024,1,310129
7425,2024,2,318247
7425,2025,1,324130
7425,2025,2,324800
7425,2026,1,320480
7438,2010,1,125905
7438,2010,2,131115
7438,2011,1,126004
7438,2011,2,134336
7438,2012,1,132884
7438,2012,2,145093
7438,2013,1,146253
7438,2013,2,149292
7438,2014,1,151437
7438,2014,2,159019
7438,2015,1,169175
7438,2015,2,174450
7438,2016,1,181919
7438,2016,2,186570
7438,2017,1,194858
7438,2017,2,193931
7438,2018,1,202953
7438,2018,2,208835
7438,2019,1,218174
7438,2019,2,210021
7438,2020,1,215389
7438,2020,2,218683
7438,2021,1,208513
7438,2021,2,220871
7438,2022,1,228994
7438,2022,2,232031
7438,2023,1,236086
7438,2023,2,242760
7438,2024,1,249947
7438,2024,2,253759
7438,2025,1,259128
7438,2025,2,260644
7438,2026,1,266029
7451,2010,1,143296
7451,2010,2,153374
7451,2011,1,159756
7451,2011,2,164849
7451,2012,1,176855
7451,2012,2,163191
7451,2013,1,168786
7451,2013,2,182147
7451,2014,1,189801
7451,2014,2,191416
7451,2015,1,192353
7451,2015,2,198280
7451,2016,1,206005
7451,2016,2,214492
7451,2017,1,221554
7451,2017,2,218675
7451,2018,1,211791
7451,2018,2,214751
7451,2019,1,220359
7451,2019,2,221110
7451,2020,1,229620
7451,2020,2,237886
7451,2021,1,238423
7451,2021,2,240972
7451,2022,1,254611
7451,2022,2,263081
7451,2023,1,273303
7451,2023,2,276653
7451,2024,1,286083
7451,2024,2,289294
7451,2025,1,299776
7451,2025,2,301090
7451,2026,1,292640
7464,2010,1,165273
7464,2010,2,175802
7464,2011,1,180511
7464,2011,2,0
7464,2012,1,176077
7464,2012,2,182554
7464,2013,1,187135
7464,2013,2,203604
7464,2014,1,200635
7464,2014,2,216240
7464,2015,1,225221
7464,2015,2,231482
7464,2016,1,238902
7464,2017,1,238468
7464,2017,2,236835
7464,2018,1,242882
7464,2018,2,245943
7464,2019,1,266702
7464,2019,2,0
7464,2020,1,242150
7464,2020,2,274337
7464,2021,1,285714
7464,2021,2,0
7464,2022,1,309714
7464,2022,2,0
7464,2023,1,0
7464,2023,2,330000
7464,2024,1,337986
7464,2024,2,335294
7464,2025,1,0
7464,2025,2,337247
7464,2026,1,0
7477,2010,1,124328
7477,2010,2,131716
7477,2011,1,135389
7477,2011,2,145425
7477,2012,1,152521
7477,2012,2,162361
7477,2013,1,173641
7477,2013,2,190147
7477,2014,1,182205
7477,2014,2,189035
7477,2015,1,185554
7477,2015,2,198390
7477,2016,1,208340
7477,2016,2,208455
7477,2017,1,216166
7477,2017,2,215100
7477,2018,1,217129
7477,2018,2,219777
7477,2019,1,223690
7477,2019,2,219705
7477,2020,1,204705
7477,2020,2,223207
7477,2021,1,217415
7477,2021,2,224492
7477,2022,1,232558
7477,2022,2,228122
7477,2023,1,240797
7477,2023,2,236212
7477,2024,1,240652
7477,2024,2,238910
7477,2025,1,236640
7477,2025,2,238846
7477,2026,1,230376
7490,2010,1,86165
7490,2010,2,90160
7490,2011,1,88321
7490,2011,2,95482
7490,2012,1,101412
7490,2012,2,102645
7490,2013,1,108090
7490,2013,2,116557
7490,2014,1,118883
7490,2014,2,126616
7490,2015,1,128250
7490,2015,2,131788
7490,2016,1,137324
7490,2016,2,144628
7490,2017,1,150555
7490,2017,2,150630
7490,2018,1,158269
7490,2018,2,167839
7490,2019,1,162616
7490,2019,2,161468
7490,2020,1,170378
7490,2020,2,176096
7490,2021,1,176704
7490,2021,2,182649
7490,2022,1,187735
7490,2022,2,198285
7490,2023,1,205095
7490,2023,2,207815
7490,2024,1,216634
7490,2024,2,215290
7490,2025,1,218614
7490,2025,2,220283
7490,2026,1,213074
7503,2010,1,140299
7503,2010,2,141231
7503,2011,1,136505
7503,2011,2,143083
7503,2012,1,152273
7503,2012,2,160969
7503,2013,1,167857
7503,2013,2,174054
7503,2014,1,182762
7503,2014,2,199626
7503,2015,1,207818
7503,2015,2,210066
7503,2016,1,220324
7503,2016,2,232364
7503,2017,1,239501
7503,2017,2,251985
7503,2018,1,251985
7503,2018,2,257060
7503,2019,1,252875
7503,2019,2,246036
7503,2020,1,266554
7503,2020,2,265163
7503,2021,1,274707
7503,2021,2,290040
7503,2022,1,296879
7503,2022,2,293572
7503,2023,1,290265
7503,2023,2,285303
7503,2024,1,274097
7503,2024,2,268376
7503,2025,1,261587
7503,2025,2,262679
7503,2026,1,264269
7516,2010,1,131946
7516,2010,2,140852
7516,2011,1,134801
7516,2011,2,146019
7516,2012,1,141831
7516,2012,2,154515
7516,2013,1,157124
7516,2013,2,169175
7516,2014,1,177113
7516,2014,2,168859
7516,2015,1,169435
7516,2015,2,165415
7516,2016,1,162516
7516,2016,2,167232
7516,2017,1,167787
7516,2017,2,179406
7516,2018,1,182976
7516,2018,2,184732
7516,2019,1,193134
7516,2019,2,189623
7516,2020,1,179826
7516,2020,2,188726
7516,2021,1,196381
7516,2021,2,194262
7516,2022,1,208010
7516,2022,2,214700
7516,2023,1,215631
7516,2023,2,209366
7516,2024,1,211930
7516,2024,2,205259
7516,2025,1,202712
7516,2025,2,202691
7516,2026,1,204377
7529,2010,1,0
7529,2010,2,116491
7529,2011,1,113986
7529,2011,2,0
7529,2012,1,124424
7529,2012,2,0
7529,2013,1,0
7529,2013,2,0
7529,2014,1,131657
7529,2014,2,137752
7529,2015,1,141804
7529,2015,2,0
7529,2016,1,148990
7529,2017,1,152204
7529,2017,2,0
7529,2018,1,160714
7529,2018,2,0
7529,2019,1,161831
7529,2019,2,160300
7529,2020,1,168365
7529,2020,2,178111
7529,2021,1,183708
7529,2021,2,0
7529,2022,1,0
7529,2022,2,0
7529,2023,1,0
7529,2023,2,196957
7529,2024,1,210034
7529,2024,2,0
7529,2025,1,0
7529,2025,2,0
7529,2026,1,0
7542,2010,1,145453
7542,2010,2,142365
7542,2011,1,138345
7542,2011,2,145855
7542,2012,1,138852
7542,2012,2,149843
7542,2013,1,151459
7542,2013,2,165375
7542,2014,1,171547
7542,2014,2,188572
7542,2015,1,187469
7542,2015,2,199137
7542,2016,1,207683
7542,2016,2,218315
7542,2017,1,209797
7542,2017,2,207593
7542,2018,1,214681
7542,2018,2,227973
7542,2019,1,225972
7542,2019,2,237525
7542,2020,1,229121
7542,2020,2,222011
7542,2021,1,219868
7542,2021,2,227694
7542,2022,1,236000
7542,2022,2,248570
7542,2023,1,0
7542,2023,2,248017
7542,2024,1,241557
7542,2024,2,244203
7542,2025,1,247028
7542,2025,2,247756
7542,2026,1,250140
7555,2016,2,233932
7555,2017,1,233372
7555,2017,2,232456
7555,2018,1,235955
7555,2018,2,237472
7555,2019,1,250533
7555,2019,2,260000
7555,2020,1,260000
7555,2020,2,260000
7555,2021,1,260000
7555,2021,2,260000
7555,2022,1,270000
7555,2022,2,282707
7555,2023,1,292571
7555,2023,2,323683
7555,2024,1,326780
7555,2024,2,349464
7555,2025,1,0
7555,2025,2,358786
7555,2026,1,362985
7568,2010,1,153630
7568,2010,2,154526
7568,2011,1,156533
7568,2011,2,165624
7568,2012,1,167675
7568,2012,2,181152
7568,2013,1,184376
7568,2013,2,196403
7568,2014,1,202305
7568,2014,2,208460
7568,2015,1,212015
7568,2015,2,218104
7568,2016,1,215672
7568,2016,2,228210
7568,2017,1,236018
7568,2017,2,244733
7568,2018,1,252642
7568,2018,2,272157
7568,2019,1,266376
7568,2019,2,258161
7568,2020,1,211907
7568,2020,2,210048
7568,2021,1,227625
7568,2021,2,222653
7568,2022,1,218137
7568,2022,2,221714
7568,2023,1,224819
7568,2023,2,211797
7568,2024,1,216221
7568,2024,2,215484
7568,2025,1,217619
7568,2025,2,216404
7568,2026,1,214553
7581,2016,2,145116
7581,2017,1,151429
7581,2017,2,157891
7581,2018,1,163055
7581,2018,2,165589
7581,2019,1,161386
7581,2019,2,166727
7581,2020,1,175338
7581,2020,2,179942
7581,2021,1,182441
7581,2021,2,184123
7581,2022,1,0
7581,2022,2,186667
7581,2023,1,0
7581,2023,2,192294
7581,2024,1,196399
7581,2024,2,0
7581,2025,1,0
7581,2025,2,198613
7581,2026,1,199588
7594,2016,2,128297
7594,2017,1,134065
7594,2017,2,140800
7594,2018,1,145529
7594,2018,2,149200
7594,2019,1,153385
7594,2019,2,159454
7594,2020,1,171650
7594,2020,2,172710
7594,2021,1,175386
7594,2021,2,178915
7594,2022,1,179705
7594,2022,2,183333
7594,2023,1,186338
7594,2023,2,0
7594,2024,1,189751
7594,2024,2,192704
7594,2025,1,0
7594,2025,2,195243
7594,2026,1,197788
7607,2010,1,87471
7607,2010,2,87676
7607,2011,1,87691
7607,2011,2,91128
7607,2012,1,93802
7607,2012,2,89894
7607,2013,1,88837
7607,2013,2,91909
7607,2014,1,96934
7607,2014,2,102339
7607,2015,1,104633
7607,2015,2,109937
7607,2016,1,113011
7607,2016,2,117817
7607,2017,1,122121
7607,2017,2,128520
7607,2018,1,133063
7607,2018,2,136237
7607,2019,1,140389
7607,2019,2,146887
7607,2020,1,157863
7607,2020,2,159277
7607,2021,1,160900
7607,2021,2,163497
7607,2022,1,165777
7607,2022,2,167559
7607,2023,1,166550
7607,2023,2,175758
7607,2024,1,178723
7607,2024,2,173658
7607,2025,1,172227
7607,2025,2,175633
7607,2026,1,177841
7620,2010,1,81522
7620,2010,2,82250
7620,2011,1,83471
7620,2011,2,87968
7620,2012,1,90660
7620,2012,2,85278
7620,2013,1,86364
7620,2013,2,84561
7620,2014,1,84739
7620,2014,2,88983
7620,2015,1,91359
7620,2015,2,94545
7620,2016,1,99902
7620,2016,2,105716
7620,2017,1,110001
7620,2017,2,114770
7620,2018,1,120681
7620,2018,2,124164
7620,2019,1,119905
7620,2019,2,124000
7620,2020,1,132897
7620,2020,2,134483
7620,2021,1,136668
7620,2021,2,137759
7620,2022,1,138833
7620,2022,2,140000
7620,2023,1,139859
7620,2023,2,146453
7620,2024,1,147314
7620,2024,2,146440
7620,2025,1,144810
7620,2025,2,147438
7620,2026,1,149081
7633,2010,1,174709
7633,2010,2,181586
7633,2011,1,185892
7633,2011,2,191190
7633,2012,1,195584
7633,2012,2,193114
7633,2013,1,196139
7633,2013,2,211122
7633,2014,1,210950
7633,2014,2,201493
7633,2015,1,202574
7633,2015,2,213060
7633,2016,1,206417
7633,2016,2,223006
7633,2017,1,223382
7633,2017,2,237460
7633,2018,1,236268
7633,2018,2,236123
7633,2019,1,235513
7633,2019,2,235826
7633,2020,1,243896
7633,2020,2,244812
7633,2021,1,248325
7633,2021,2,245110
7633,2022,1,250223
7633,2022,2,250962
7633,2023,1,246481
7633,2023,2,255175
7633,2024,1,256928
7633,2024,2,256260
7633,2025,1,263991
7633,2025,2,274286
7633,2026,1,275711
7646,2010,1,155776
7646,2010,2,150144
7646,2011,1,152002
7646,2011,2,159262
7646,2012,1,163870
7646,2012,2,168906
7646,2013,1,173201
7646,2013,2,176646
7646,2014,1,175205
7646,2014,2,180780
7646,2015,1,178013
7646,2015,2,189484
7646,2016,1,176057
7646,2016,2,190980
7646,2017,1,192665
7646,2017,2,205029
7646,2018,1,205925
7646,2018,2,205702
7646,2019,1,204765
7646,2019,2,204511
7646,2020,1,210073
7646,2020,2,214803
7646,2021,1,211956
7646,2021,2,217040
7646,2022,1,219307
7646,2022,2,219741
7646,2023,1,215026
7646,2023,2,231699
7646,2024,1,233365
7646,2024,2,234723
7646,2025,1,236718
7646,2025,2,242724
7646,2026,1,245000
7659,2010,1,110974
7659,2010,2,115850
7659,2011,1,117740
7659,2011,2,125193
7659,2012,1,130795
7659,2012,2,141524
7659,2013,1,151646
7659,2013,2,149064
7659,2014,1,149139
7659,2014,2,155121
7659,2015,1,154961
7659,2015,2,160774
7659,2016,1,152797
7659,2016,2,163334
7659,2017,1,169586
7659,2017,2,174452
7659,2018,1,174105
7659,2018,2,173700
7659,2019,1,173954
7659,2019,2,171936
7659,2020,1,176698
7659,2020,2,174004
7659,2021,1,172575
7659,2021,2,177107
7659,2022,1,179864
7659,2022,2,181993
7659,2023,1,188071
7659,2023,2,189226
7659,2024,1,192899
7659,2024,2,185830
7659,2025,1,181822
7659,2025,2,180875
7659,2026,1,178874
7672,2010,1,101742
7672,2010,2,108345
7672,2011,1,113858
7672,2011,2,116754
7672,2012,1,122891
7672,2012,2,134897
7672,2013,1,135106
7672,2013,2,144239
7672,2014,1,145901
7672,2014,2,151380
7672,2015,1,154049
7672,2015,2,160882
7672,2016,1,169202
7672,2016,2,179883
7672,2017,1,185611
7672,2017,2,191336
7672,2018,1,199157
7672,2018,2,212226
7672,2019,1,225408
7672,2019,2,233369
7672,2020,1,239716
7672,2020,2,239171
7672,2021,1,242731
7672,2021,2,246868
7672,2022,1,258917
7672,2022,2,259089
7672,2023,1,265406
7672,2023,2,269968
7672,2024,1,270251
7672,2024,2,272860
7672,2025,1,268915
7672,2025,2,273539
7672,2026,1,273676
7685,2010,1,197326
7685,2010,2,203302
7685,2011,1,207924
7685,2011,2,217870
7685,2012,1,222742
7685,2012,2,230335
7685,2013,1,237241
7685,2013,2,243173
7685,2014,1,246203
7685,2014,2,247913
7685,2015,1,249446
7685,2015,2,260975
7685,2016,1,264903
7685,2016,2,258175
7685,2017,1,268590
7685,2017,2,277601
7685,2018,1,288346
7685,2018,2,308360
7685,2019,1,323944
7685,2019,2,343650
7685,2020,1,354829
7685,2020,2,367852
7685,2021,1,371737
7685,2021,2,379743
7685,2022,1,398124
7685,2022,2,399437
7685,2023,1,420571
7685,2023,2,421236
7685,2024,1,431830
7685,2024,2,414989
7685,2025,1,436458
7685,2025,2,439248
7685,2026,1,440616
7698,2010,1,156007
7698,2010,2,163237
7698,2011,1,166370
7698,2011,2,175292
7698,2012,1,187417
7698,2012,2,188200
7698,2013,1,205729
7698,2013,2,217218
7698,2014,1,219958
7698,2014,2,222944
7698,2015,1,226338
7698,2015,2,235019
7698,2016,1,235207
7698,2016,2,239949
7698,2017,1,249846
7698,2017,2,267103
7698,2018,1,276182
7698,2018,2,281860
7698,2019,1,295582
7698,2019,2,288852
7698,2020,1,300453
7698,2020,2,304797
7698,2021,1,313970
7698,2021,2,321061
7698,2022,1,338864
7698,2022,2,340018
7698,2023,1,353395
7698,2023,2,354087
7698,2024,1,363241
7698,2024,2,354400
7698,2025,1,370529
7698,2025,2,372997
7698,2026,1,373640
7711,2010,1,125857
7711,2010,2,133274
7711,2011,1,136290
7711,2011,2,138576
7711,2012,1,149599
7711,2012,2,162923
7711,2013,1,163808
7711,2013,2,173655
7711,2014,1,179717
7711,2014,2,185731
7711,2015,1,189301
7711,2015,2,193986
7711,2016,1,199868
7711,2016,2,192705
7711,2017,1,200964
7711,2017,2,212186
7711,2018,1,219560
7711,2018,2,223581
7711,2019,1,235560
7711,2019,2,237221
7711,2020,1,237385
7711,2020,2,250394
7711,2021,1,254661
7711,2021,2,261463
7711,2022,1,271717
7711,2022,2,272282
7711,2023,1,288442
7711,2023,2,290333
7711,2024,1,295784
7711,2024,2,301374
7711,2025,1,300337
7711,2025,2,303632
7711,2026,1,304156
7724,2010,1,296392
7724,2010,2,314465
7724,2011,1,322635
7724,2011,2,326438
7724,2012,1,317565
7724,2012,2,332019
7724,2013,1,341541
7724,2013,2,342661
7724,2014,1,344087
7724,2014,2,345127
7724,2015,1,346129
7724,2015,2,358569
7724,2016,1,351506
7724,2016,2,356456
7724,2017,1,366921
7724,2017,2,371019
7724,2018,1,385403
7724,2018,2,394532
7724,2019,1,402795
7724,2019,2,425796
7724,2020,1,436350
7724,2020,2,435947
7724,2021,1,458124
7724,2021,2,478574
7724,2022,1,494608
7724,2022,2,518464
7724,2023,1,536946
7724,2023,2,592622
7724,2024,1,597707
7724,2024,2,621630
7724,2025,1,627960
7724,2025,2,637453
7724,2026,1,638460
7737,2010,1,326162
7737,2010,2,343602
7737,2011,1,351951
7737,2011,2,355581
7737,2012,1,363254
7737,2012,2,367817
7737,2013,1,372088
7737,2013,2,373352
7737,2014,1,374490
7737,2014,2,375466
7737,2015,1,377103
7737,2015,2,392819
7737,2016,1,390035
7737,2016,2,377712
7737,2017,1,397543
7737,2017,2,405013
7737,2018,1,408278
7737,2018,2,407698
7737,2019,1,434661
7737,2019,2,451971
7737,2020,1,465125
7737,2020,2,492927
7737,2021,1,501102
7737,2021,2,521531
7737,2022,1,542726
7737,2022,2,568157
7737,2023,1,590847
7737,2023,2,618655
7737,2024,1,636410
7737,2024,2,652757
7737,2025,1,662709
7737,2025,2,673714
7737,2026,1,675173
7750,2010,1,180608
7750,2010,2,193646
7750,2011,1,200344
7750,2011,2,213248
7750,2012,1,195794
7750,2012,2,214518
7750,2013,1,216877
7750,2013,2,232495
7750,2014,1,237193
7750,2014,2,244965
7750,2015,1,247311
7750,2015,2,254503
7750,2016,1,274706
7750,2016,2,300525
7750,2017,1,304689
7750,2017,2,310429
7750,2018,1,303747
7750,2018,2,322317
7750,2019,1,336973
7750,2019,2,350233
7750,2020,1,334072
7750,2020,2,354231
7750,2021,1,361209
7750,2021,2,367399
7750,2022,1,379666
7750,2022,2,387818
7750,2023,1,397259
7750,2023,2,397884
7750,2024,1,402085
7750,2024,2,402995
7750,2025,1,408559
7750,2025,2,413173
7750,2026,1,414968
7763,2010,1,307778
7763,2010,2,318440
7763,2011,1,327793
7763,2011,2,332195
7763,2012,1,338780
7763,2012,2,341528
7763,2013,1,345506
7763,2013,2,349284
7763,2014,1,352345
7763,2014,2,361522
7763,2015,1,366779
7763,2015,2,373173
7763,2016,1,376824
7763,2016,2,385385
7763,2017,1,387463
7763,2017,2,389223
7763,2018,1,393347
7763,2018,2,414974
7763,2019,1,424632
7763,2019,2,439018
7763,2020,1,440180
7763,2020,2,457321
7763,2021,1,472721
7763,2021,2,496651
7763,2022,1,508299
7763,2022,2,509392
7763,2023,1,520394
7763,2023,2,528123
7763,2024,1,563401
7763,2024,2,537271
7763,2025,1,557881
7763,2025,2,560837
7763,2026,1,562439
7776,2010,1,117737
7776,2010,2,125566
7776,2011,1,129208
7776,2011,2,136915
7776,2012,1,144303
7776,2012,2,158613
7776,2013,1,163491
7776,2013,2,177610
7776,2014,1,182761
7776,2014,2,190040
7776,2015,1,189168
7776,2015,2,183097
7776,2016,1,180382
7776,2016,2,185583
7776,2017,1,184766
7776,2017,2,192777
7776,2018,1,202202
7776,2018,2,209529
7776,2019,1,205890
7776,2019,2,206738
7776,2020,1,216865
7776,2020,2,215110
7776,2021,1,216250
7776,2021,2,221799
7776,2022,1,228988
7776,2022,2,241264
7776,2023,1,251195
7776,2023,2,259896
7776,2024,1,250164
7776,2024,2,262536
7776,2025,1,266062
7776,2025,2,271800
7776,2026,1,269759
7789,2010,1,121975
7789,2010,2,128284
7789,2011,1,132564
7789,2011,2,136021
7789,2012,1,139784
7789,2012,2,145900
7789,2013,1,148981
7789,2013,2,152177
7789,2014,1,156673
7789,2014,2,158680
7789,2015,1,169609
7789,2015,2,171877
7789,2016,1,182853
7789,2016,2,179627
7789,2017,1,183803
7789,2017,2,191809
7789,2018,1,195084
7789,2018,2,203065
7789,2019,1,210643
7789,2019,2,218322
7789,2020,1,223793
7789,2020,2,230782
7789,2021,1,245687
7789,2021,2,252262
7789,2022,1,259947
7789,2022,2,268571
7789,2023,1,283405
7789,2023,2,304711
7789,2024,1,302065
7789,2024,2,310890
7789,2025,1,315484
7789,2025,2,318902
7789,2026,1,319449
7802,2010,1,134363
7802,2010,2,142615
7802,2011,1,146262
7802,2011,2,153096
7802,2012,1,154561
7802,2012,2,168896
7802,2013,1,175048
7802,2013,2,183404
7802,2014,1,185464
7802,2014,2,189906
7802,2015,1,202908
7802,2015,2,203649
7802,2016,1,213802
7802,2016,2,208591
7802,2017,1,207768
7802,2017,2,216069
7802,2018,1,211706
7802,2018,2,218618
7802,2019,1,229729
7802,2019,2,243070
7802,2020,1,259555
7802,2020,2,265376
7802,2021,1,254765
7802,2021,2,258264
7802,2022,1,255337
7802,2022,2,261379
7802,2023,1,271097
7802,2023,2,290890
7802,2024,1,291991
7802,2024,2,302209
7802,2025,1,297049
7802,2025,2,305348
7802,2026,1,310041
7815,2010,1,101088
7815,2010,2,107365
7815,2011,1,112141
7815,2011,2,116089
7815,2012,1,122975
7815,2012,2,128024
7815,2013,1,129963
7815,2013,2,138712
7815,2014,1,143290
7815,2014,2,146101
7815,2015,1,147290
7815,2015,2,152692
7815,2016,1,160672
7815,2016,2,168154
7815,2017,1,174758
7815,2017,2,180623
7815,2018,1,187873
7815,2018,2,200374
7815,2019,1,204358
7815,2019,2,214857
7815,2020,1,219422
7815,2020,2,225032
7815,2021,1,224251
7815,2021,2,226011
7815,2022,1,235597
7815,2022,2,242964
7815,2023,1,251790
7815,2023,2,263371
7815,2024,1,267277
7815,2024,2,275107
7815,2025,1,278565
7815,2025,2,283607
7815,2026,1,284880
7828,2010,1,115757
7828,2010,2,124022
7828,2011,1,125590
7828,2011,2,129480
7828,2012,1,124758
7828,2012,2,136710
7828,2013,1,137172
7828,2013,2,149755
7828,2014,1,151363
7828,2014,2,159843
7828,2015,1,162844
7828,2015,2,165682
7828,2016,1,175822
7828,2016,2,186932
7828,2017,1,184999
7828,2017,2,193302
7828,2018,1,203165
7828,2018,2,219053
7828,2019,1,224927
7828,2019,2,233636
7828,2020,1,245030
7828,2020,2,248060
7828,2021,1,245619
7828,2021,2,256098
7828,2022,1,262069
7828,2022,2,272067
7828,2023,1,280506
7828,2023,2,293037
7828,2024,1,296882
7828,2024,2,305050
7828,2025,1,308930
7828,2025,2,314787
7828,2026,1,315528
7841,2010,1,147853
7841,2010,2,155521
7841,2011,1,159344
7841,2011,2,165848
7841,2012,1,172407
7841,2012,2,173041
7841,2013,1,174902
7841,2013,2,184490
7841,2014,1,193017
7841,2014,2,197710
7841,2015,1,200255
7841,2015,2,206221
7841,2016,1,217488
7841,2016,2,228133
7841,2017,1,236760
7841,2017,2,247618
7841,2018,1,257995
7841,2018,2,281811
7841,2019,1,290398
7841,2019,2,302821
7841,2020,1,315405
7841,2020,2,321822
7841,2021,1,319849
7841,2021,2,334353
7841,2022,1,339610
7841,2022,2,357144
7841,2023,1,363102
7841,2023,2,380953
7841,2024,1,387376
7841,2024,2,397952
7841,2025,1,405235
7841,2025,2,407342
7841,2026,1,408942
7854,2010,1,161169
7854,2010,2,166346
7854,2011,1,172119
7854,2011,2,183146
7854,2012,1,191885
7854,2012,2,209638
7854,2013,1,210204
7854,2013,2,223084
7854,2014,1,223853
7854,2014,2,235275
7854,2015,1,237581
7854,2015,2,247227
7854,2016,1,254897
7854,2016,2,261699
7854,2017,1,271248
7854,2017,2,281658
7854,2018,1,297858
7854,2018,2,314268
7854,2019,1,326000
7854,2019,2,326966
7854,2020,1,332485
7854,2020,2,343333
7854,2021,1,339623
7854,2021,2,356624
7854,2022,1,364905
7854,2022,2,381041
7854,2023,1,389536
7854,2023,2,407575
7854,2024,1,414944
7854,2024,2,423830
7854,2025,1,433400
7854,2025,2,440868
7854,2026,1,436224
7867,2010,1,125344
7867,2010,2,131918
7867,2011,1,134812
7867,2011,2,142274
7867,2012,1,149521
7867,2012,2,156739
7867,2013,1,164612
7867,2013,2,176534
7867,2014,1,178124
7867,2014,2,181233
7867,2015,1,185961
7867,2015,2,189061
7867,2016,1,197143
7867,2016,2,203950
7867,2017,1,210980
7867,2017,2,219758
7867,2018,1,228313
7867,2018,2,251889
7867,2019,1,246693
7867,2019,2,254636
7867,2020,1,268208
7867,2020,2,273124
7867,2021,1,273520
7867,2021,2,284467
7867,2022,1,299544
7867,2022,2,311012
7867,2023,1,319190
7867,2023,2,334429
7867,2024,1,339642
7867,2024,2,347927
7867,2025,1,350908
7867,2025,2,354977
7867,2026,1,356809
7880,2010,1,88854
7880,2010,2,92842
7880,2011,1,95386
7880,2011,2,98119
7880,2012,1,99179
7880,2012,2,93868
7880,2013,1,97473
7880,2013,2,99818
7880,2014,1,105370
7880,2014,2,111020
7880,2015,1,108037
7880,2015,2,117550
7880,2016,1,123810
7880,2016,2,129920
7880,2017,1,134648
7880,2017,2,141192
7880,2018,1,147482
7880,2018,2,159868
7880,2019,1,168117
7880,2019,2,178514
7880,2020,1,186578
7880,2020,2,175708
7880,2021,1,184615
7880,2021,2,186269
7880,2022,1,181057
7880,2022,2,191523
7880,2023,1,198675
7880,2023,2,202830
7880,2024,1,196351
7880,2024,2,203469
7880,2025,1,203923
7880,2025,2,204762
7880,2026,1,204181
7893,2010,1,170411
7893,2010,2,178381
7893,2011,1,181474
7893,2011,2,192441
7893,2012,1,195695
7893,2012,2,213445
7893,2013,1,214819
7893,2013,2,223842
7893,2014,1,226062
7893,2014,2,236098
7893,2015,1,242548
7893,2015,2,246430
7893,2016,1,259367
7893,2016,2,278477
7893,2017,1,286348
7893,2017,2,297118
7893,2018,1,307477
7893,2018,2,329592
7893,2019,1,332790
7893,2019,2,340232
7893,2020,1,339533
7893,2020,2,360798
7893,2021,1,360206
7893,2021,2,374910
7893,2022,1,388288
7893,2022,2,398214
7893,2023,1,409726
7893,2023,2,430849
7893,2024,1,444142
7893,2024,2,455593
7893,2025,1,460429
7893,2025,2,467653
7893,2026,1,471349
7906,2010,1,160012
7906,2010,2,170735
7906,2011,1,173041
7906,2011,2,177071
7906,2012,1,183444
7906,2012,2,191461
7906,2013,1,191839
7906,2013,2,194224
7906,2014,1,196712
7906,2014,2,204329
7906,2015,1,207463
7906,2015,2,210314
7906,2016,1,221946
7906,2016,2,232334
7906,2017,1,240107
7906,2017,2,250248
7906,2018,1,258122
7906,2018,2,281211
7906,2019,1,300441
7906,2019,2,316006
7906,2020,1,322434
7906,2020,2,329985
7906,2021,1,330411
7906,2021,2,332268
7906,2022,1,330981
7906,2022,2,349792
7906,2023,1,354947
7906,2023,2,364183
7906,2024,1,375020
7906,2024,2,381052
7906,2025,1,384609
7906,2025,2,390048
7906,2026,1,393090
7919,2010,1,166532
7919,2010,2,175429
7919,2011,1,176440
7919,2011,2,186776
7919,2012,1,194219
7919,2012,2,207425
7919,2013,1,211502
7919,2013,2,215253
7919,2014,1,218372
7919,2014,2,222435
7919,2015,1,225925
7919,2015,2,228481
7919,2016,1,240506
7919,2016,2,253927
7919,2017,1,261513
7919,2017,2,273048
7919,2018,1,282126
7919,2018,2,306008
7919,2019,1,316695
7919,2019,2,335062
7919,2020,1,344600
7919,2020,2,354908
7919,2021,1,354793
7919,2021,2,364327
7919,2022,1,377187
7919,2022,2,391265
7919,2023,1,401195
7919,2023,2,423318
7919,2024,1,433747
7919,2024,2,444532
7919,2025,1,445000
7919,2025,2,446000
7919,2026,1,446358
7932,2010,1,167990
7932,2010,2,167760
7932,2011,1,170360
7932,2011,2,178234
7932,2012,1,185455
7932,2012,2,204917
7932,2013,1,224975
7932,2013,2,236222
7932,2014,1,262142
7932,2014,2,281023
7932,2015,1,291962
7932,2015,2,292427
7932,2016,1,302639
7932,2016,2,293638
7932,2017,1,303876
7932,2017,2,316058
7932,2018,1,323645
7932,2018,2,320137
7932,2019,1,331207
7932,2019,2,350394
7932,2020,1,369417
7932,2020,2,369417
7932,2021,1,421053
7932,2021,2,0
7932,2022,1,0
7932,2022,2,477025
7932,2023,1,457143
7932,2023,2,508529
7932,2024,1,514479
7932,2024,2,506030
7932,2025,1,0
7932,2025,2,0
7932,2026,1,0
7945,2010,1,153216
7945,2010,2,0
7945,2011,1,151579
7945,2011,2,0
7945,2012,1,0
7945,2012,2,168500
7945,2013,1,184113
7945,2013,2,203833
7945,2014,1,203735
7945,2014,2,215746
7945,2015,1,0
7945,2015,2,232345
7945,2016,1,243036
7945,2016,2,244077
7945,2017,1,245410
7945,2017,2,249149
7945,2018,1,247924
7945,2018,2,248421
7945,2019,1,262340
7945,2019,2,275200
7945,2020,1,285258
7945,2020,2,285858
7945,2021,1,285258
7945,2021,2,281481
7945,2022,1,0
7945,2022,2,280702
7945,2023,1,0
7945,2023,2,301714
7945,2024,1,312305
7945,2024,2,0
7945,2025,1,0
7945,2025,2,0
7945,2026,1,0
7958,2010,1,126090
7958,2010,2,133382
7958,2011,1,127988
7958,2011,2,133426
7958,2012,1,142682
7958,2012,2,141103
7958,2013,1,146007
7958,2013,2,161551
7958,2014,1,168479
7958,2014,2,180750
7958,2015,1,185268
7958,2015,2,193133
7958,2016,1,201547
7958,2016,2,195547
7958,2017,1,205220
7958,2017,2,213912
7958,2018,1,220935
7958,2018,2,228846
7958,2019,1,237124
7958,2019,2,250387
7958,2020,1,263480
7958,2020,2,261656
7958,2021,1,246346
7958,2021,2,247685
7958,2022,1,271227
7958,2022,2,279380
7958,2023,1,0
7958,2023,2,321528
7958,2024,1,325343
7958,2024,2,341397
7958,2025,1,351481
7958,2025,2,350828
7958,2026,1,342273
7971,2010,1,92083
7971,2010,2,95011
7971,2011,1,96248
7971,2011,2,99755
7971,2012,1,103992
7971,2012,2,111298
7971,2013,1,113741
7971,2013,2,123791
7971,2014,1,122875
7971,2014,2,126451
7971,2015,1,138585
7971,2015,2,138734
7971,2016,1,145409
7971,2016,2,156441
7971,2017,1,161097
7971,2017,2,162262
7971,2018,1,170364
7971,2018,2,181486
7971,2019,1,189704
7971,2019,2,197677
7971,2020,1,210126
7971,2020,2,210502
7971,2021,1,202105
7971,2021,2,0
7971,2022,1,0
7971,2022,2,209937
7971,2023,1,0
7971,2023,2,234248
7971,2024,1,235748
7971,2024,2,241318
7971,2025,1,246154
7971,2025,2,0
7971,2026,1,243009
7984,2010,1,137425
7984,2010,2,141519
7984,2011,1,144386
7984,2011,2,148117
7984,2012,1,148638
7984,2012,2,156226
7984,2013,1,165635
7984,2013,2,179488
7984,2014,1,189313
7984,2014,2,202080
7984,2015,1,213744
7984,2015,2,218163
7984,2016,1,231118
7984,2016,2,240644
7984,2017,1,247633
7984,2017,2,253955
7984,2018,1,261844
7984,2018,2,280936
7984,2019,1,302185
7984,2019,2,323048
7984,2020,1,334710
7984,2020,2,333973
7984,2021,1,324939
7984,2021,2,330000
7984,2022,1,322914
7984,2022,2,322748
7984,2023,1,368240
7984,2023,2,377463
7984,2024,1,412988
7984,2024,2,394554
7984,2025,1,398051
7984,2025,2,392588
7984,2026,1,386079
7997,2010,1,123412
7997,2010,2,119791
7997,2011,1,121091
7997,2011,2,124738
7997,2012,1,125647
7997,2012,2,124978
7997,2013,1,127502
7997,2013,2,134752
7997,2014,1,139425
7997,2014,2,143089
7997,2015,1,147594
7997,2015,2,154122
7997,2016,1,160875
7997,2016,2,172651
7997,2017,1,178490
7997,2017,2,188152
7997,2018,1,197427
7997,2018,2,217332
7997,2019,1,221715
7997,2019,2,235833
7997,2020,1,249945
7997,2020,2,249672
7997,2021,1,246667
7997,2021,2,262880
7997,2022,1,278417
7997,2022,2,286134
7997,2023,1,0
7997,2023,2,308123
7997,2024,1,322458
7997,2024,2,339449
7997,2025,1,342548
7997,2025,2,339830
7997,2026,1,321230
8010,2010,1,160788
8010,2010,2,155698
8010,2011,1,160314
8010,2011,2,170490
8010,2012,1,182853
8010,2012,2,176307
8010,2013,1,188315
8010,2013,2,192090
8010,2014,1,197938
8010,2014,2,204605
8010,2015,1,210692
8010,2015,2,216076
8010,2016,1,230714
8010,2016,2,239973
8010,2017,1,250452
8010,2017,2,264383
8010,2018,1,271936
8010,2018,2,269964
8010,2019,1,280534
8010,2019,2,275649
8010,2020,1,289703
8010,2020,2,284919
8010,2021,1,290026
8010,2021,2,0
8010,2022,1,293446
8010,2022,2,298868
8010,2023,1,322581
8010,2023,2,339525
8010,2024,1,362888
8010,2024,2,346952
8010,2025,1,353051
8010,2025,2,347811
8010,2026,1,333250
8023,2010,1,121768
8023,2010,2,125457
8023,2011,1,126649
8023,2011,2,128120
8023,2012,1,135713
8023,2012,2,142699
8023,2013,1,148018
8023,2013,2,148319
8023,2014,1,147986
8023,2014,2,156549
8023,2015,1,157685
8023,2015,2,163628
8023,2016,1,170393
8023,2016,2,169974
8023,2017,1,176580
8023,2017,2,177441
8023,2018,1,188279
8023,2018,2,202769
8023,2019,1,213333
8023,2019,2,201885
8023,2020,1,206937
8023,2020,2,216217
8023,2021,1,227495
8023,2021,2,0
8023,2022,1,250000
8023,2022,2,245275
8023,2023,1,0
8023,2023,2,271844
8023,2024,1,279091
8023,2024,2,266667
8023,2025,1,268333
8023,2025,2,274659
8023,2026,1,278180
8036,2010,1,0
8036,2010,2,0
8036,2011,1,0
8036,2011,2,123429
8036,2012,1,125806
8036,2012,2,135932
8036,2013,1,0
8036,2013,2,141176
8036,2014,1,141279
8036,2014,2,0
8036,2015,1,151580
8036,2015,2,153936
8036,2016,1,153936
8036,2016,2,167273
8036,2017,1,171338
8036,2017,2,179802
8036,2018,1,192209
8036,2018,2,206235
8036,2019,1,210559
8036,2019,2,222398
8036,2020,1,235873
8036,2020,2,253883
8036,2021,1,245000
8036,2021,2,0
8036,2022,1,0
8036,2022,2,0
8036,2023,1,0
8036,2023,2,0
8036,2024,1,0
8036,2024,2,0
8036,2025,1,0
8036,2025,2,0
8036,2026,1,0
8049,2010,1,156391
8049,2010,2,0
8049,2011,1,156098
8049,2011,2,162857
8049,2012,1,176959
8049,2012,2,0
8049,2013,1,0
8049,2013,2,186191
8049,2014,1,186667
8049,2014,2,0
8049,2015,1,0
8049,2015,2,190475
8049,2016,1,0
8049,2016,2,193297
8049,2017,1,0
8049,2017,2,203196
8049,2018,1,0
8049,2019,1,0
8049,2020,1,233755
8049,2020,2,233755
8049,2021,1,233755
8049,2021,2,0
8049,2022,1,0
8049,2022,2,0
8049,2023,1,0
8049,2023,2,0
8049,2024,1,0
8049,2024,2,0
8049,2025,1,0
8049,2025,2,0
8049,2026,1,0
8062,2010,1,168421
8062,2010,2,175639
8062,2011,1,172059
8062,2011,2,184825
8062,2012,1,0
8062,2012,2,200625
8062,2013,1,0
8062,2013,2,0
8062,2014,1,0
8062,2014,2,0
8062,2015,1,0
8062,2015,2,230344
8062,2016,1,0
8062,2016,2,235175
8062,2017,1,0
8062,2017,2,238720
8062,2018,1,0
8062,2019,1,0
8062,2020,1,0
8062,2020,2,238720
8062,2021,1,238720
8062,2021,2,300000
8062,2022,1,0
8062,2022,2,285714
8062,2023,1,0
8062,2023,2,0
8062,2024,1,0
8062,2024,2,0
8062,2025,1,0
8062,2025,2,0
8062,2026,1,324326
8075,2010,1,120294
8075,2010,2,123696
8075,2011,1,0
8075,2011,2,129191
8075,2012,1,129787
8075,2012,2,141010
8075,2013,1,141172
8075,2013,2,156938
8075,2014,1,160000
8075,2014,2,175297
8075,2015,1,180615
8075,2015,2,184318
8075,2016,1,190523
8075,2016,2,198632
8075,2017,1,195899
8075,2017,2,205586
8075,2018,1,212787
8075,2018,2,228571
8075,2019,1,0
8075,2020,1,210526
8075,2020,2,242423
8075,2021,1,242423
8075,2021,2,269504
8075,2022,1,261905
8075,2022,2,252000
8075,2023,1,0
8075,2023,2,271248
8075,2024,1,286414
8075,2024,2,308505
8075,2025,1,311263
8075,2025,2,313333
8075,2026,1,322920
8088,2018,1,273371
8088,2018,2,0
8088,2019,1,0
8088,2020,1,284800
8088,2020,2,284800
8088,2021,1,284800
8088,2021,2,0
8088,2022,1,0
8088,2022,2,0
8088,2023,1,0
8088,2023,2,0
8088,2024,1,0
8088,2024,2,0
8088,2025,1,0
8088,2025,2,0
8088,2026,1,0
8101,2018,1,251074
8101,2018,2,0
8101,2019,1,0
8101,2019,2,271307
8101,2020,1,285813
8101,2020,2,256667
8101,2021,1,261429
8101,2021,2,279896
8101,2022,1,298667
8101,2022,2,0
8101,2023,1,325333
8101,2023,2,0
8101,2024,1,362214
8101,2024,2,0
8101,2025,1,0
8101,2025,2,0
8101,2026,1,0
8114,2018,1,292847
8114,2018,2,0
8114,2019,1,0
8114,2019,2,306667
8114,2020,1,316204
8114,2020,2,316204
8114,2021,1,365113
8114,2021,2,374422
8114,2022,1,409618
8114,2022,2,0
8114,2023,1,0
8114,2023,2,458667
8114,2024,1,464213
8114,2024,2,0
8114,2025,1,0
8114,2025,2,0
8114,2026,1,0
8127,2018,1,241517
8127,2018,2,243477
8127,2019,1,0
8127,2020,1,257143
8127,2020,2,257143
8127,2021,1,247727
8127,2021,2,0
8127,2022,1,0
8127,2022,2,250000
8127,2023,1,0
8127,2023,2,0
8127,2024,1,280976
8127,2024,2,0
8127,2025,1,0
8127,2025,2,0
8127,2026,1,286887
8140,2018,1,192636
8140,2018,2,205926
8140,2019,1,219117
8140,2019,2,231071
8140,2020,1,241942
8140,2020,2,246892
8140,2021,1,256000
8140,2021,2,260000
8140,2022,1,284211
8140,2022,2,267610
8140,2023,1,295638
8140,2023,2,300729
8140,2024,1,325281
8140,2024,2,309302
8140,2025,1,311114
8140,2025,2,320000
8140,2026,1,321250
8153,2018,1,165089
8153,2018,2,180980
8153,2019,1,195281
8153,2019,2,207538
8153,2020,1,218105
8153,2020,2,213333
8153,2021,1,220000
8153,2021,2,226634
8153,2022,1,224000
8153,2022,2,227310
8153,2023,1,0
8153,2023,2,255320
8153,2024,1,257173
8153,2024,2,0
8153,2025,1,249266
8153,2025,2,247982
8153,2026,1,250000
8166,2010,1,142078
8166,2010,2,144980
8166,2011,1,145896
8166,2011,2,151628
8166,2012,1,163143
8166,2012,2,170961
8166,2013,1,174547
8166,2013,2,191525
8166,2014,1,198348
8166,2014,2,196244
8166,2015,1,194339
8166,2015,2,201150
8166,2016,1,205807
8166,2016,2,205068
8166,2017,1,207172
8166,2017,2,215411
8166,2018,1,213364
8166,2018,2,214003
8166,2019,1,209162
8166,2019,2,197852
8166,2020,1,223119
8166,2020,2,218784
8166,2021,1,219796
8166,2021,2,220447
8166,2022,1,221666
8166,2022,2,230848
8166,2023,1,228504
8166,2023,2,234603
8166,2024,1,223276
8166,2024,2,231772
8166,2025,1,226275
8166,2025,2,237846
8166,2026,1,221727
8179,2010,1,143258
8179,2010,2,151834
8179,2011,1,145953
8179,2011,2,154106
8179,2012,1,156656
8179,2012,2,167617
8179,2013,1,172174
8179,2013,2,183937
8179,2014,1,197483
8179,2014,2,194833
8179,2015,1,189944
8179,2015,2,208389
8179,2016,1,196167
8179,2016,2,201816
8179,2017,1,199842
8179,2017,2,202847
8179,2018,1,202130
8179,2018,2,204448
8179,2019,1,208245
8179,2019,2,195389
8179,2020,1,193853
8179,2020,2,190809
8179,2021,1,201040
8179,2021,2,201082
8179,2022,1,194568
8179,2022,2,196805
8179,2023,1,197956
8179,2023,2,209427
8179,2024,1,202005
8179,2024,2,210448
8179,2025,1,215662
8179,2025,2,211525
8179,2026,1,217203
8192,2010,1,144457
8192,2010,2,149519
8192,2011,1,148960
8192,2011,2,155383
8192,2012,1,163689
8192,2012,2,172326
8192,2013,1,176595
8192,2013,2,189975
8192,2014,1,195206
8192,2014,2,196822
8192,2015,1,197200
8192,2015,2,201619
8192,2016,1,187724
8192,2016,2,202174
8192,2017,1,199758
8192,2017,2,210518
8192,2018,1,210144
8192,2018,2,211263
8192,2019,1,201203
8192,2019,2,213022
8192,2020,1,215382
8192,2020,2,213079
8192,2021,1,214418
8192,2021,2,222881
8192,2022,1,223770
8192,2022,2,229295
8192,2023,1,228419
8192,2023,2,234810
8192,2024,1,225448
8192,2024,2,232968
8192,2025,1,227074
8192,2025,2,231539
8192,2026,1,229770
8205,2010,1,160842
8205,2010,2,165073
8205,2011,1,167167
8205,2011,2,175725
8205,2012,1,180233
8205,2012,2,192265
8205,2013,1,196636
8205,2013,2,227463
8205,2014,1,233236
8205,2014,2,233709
8205,2015,1,228353
8205,2015,2,233836
8205,2016,1,247738
8205,2016,2,256484
8205,2017,1,252432
8205,2017,2,260445
8205,2018,1,265941
8205,2018,2,266892
8205,2019,1,258644
8205,2019,2,274651
8205,2020,1,266390
8205,2020,2,268091
8205,2021,1,261522
8205,2021,2,275550
8205,2022,1,282525
8205,2022,2,301308
8205,2023,1,281198
8205,2023,2,290732
8205,2024,1,270646
8205,2024,2,284993
8205,2025,1,270376
8205,2025,2,284862
8205,2026,1,285759
8218,2010,1,132479
8218,2010,2,136957
8218,2011,1,140036
8218,2011,2,147395
8218,2012,1,155534
8218,2012,2,158648
8218,2013,1,165315
8218,2013,2,174039
8218,2014,1,179003
8218,2014,2,184592
8218,2015,1,189428
8218,2015,2,196575
8218,2016,1,203680
8218,2016,2,208604
8218,2017,1,215428
8218,2017,2,224214
8218,2018,1,231472
8218,2018,2,246909
8218,2019,1,259492
8218,2019,2,260736
8218,2020,1,254887
8218,2020,2,260229
8218,2021,1,257342
8218,2021,2,265371
8218,2022,1,275633
8218,2022,2,284842
8218,2023,1,292454
8218,2023,2,305033
8218,2024,1,305806
8218,2024,2,315804
8218,2025,1,316183
8218,2025,2,318479
8218,2026,1,320449
8231,2010,1,123749
8231,2010,2,128249
8231,2011,1,130718
8231,2011,2,136269
8231,2012,1,145230
8231,2012,2,155584
8231,2013,1,156769
8231,2013,2,163285
8231,2014,1,165872
8231,2014,2,170777
8231,2015,1,172614
8231,2015,2,174836
8231,2016,1,183684
8231,2016,2,190556
8231,2017,1,196722
8231,2017,2,203601
8231,2018,1,211847
8231,2018,2,228022
8231,2019,1,239569
8231,2019,2,250535
8231,2020,1,252472
8231,2020,2,256656
8231,2021,1,254403
8231,2021,2,263046
8231,2022,1,268910
8231,2022,2,273786
8231,2023,1,284281
8231,2023,2,292400
8231,2024,1,294019
8231,2024,2,296036
8231,2025,1,297137
8231,2025,2,303262
8231,2026,1,304509
8244,2010,1,112922
8244,2010,2,115218
8244,2011,1,119248
8244,2011,2,123820
8244,2012,1,124291
8244,2012,2,133039
8244,2013,1,136086
8244,2013,2,143507
8244,2014,1,145107
8244,2014,2,151219
8244,2015,1,152339
8244,2015,2,152766
8244,2016,1,161950
8244,2016,2,168459
8244,2017,1,173162
8244,2017,2,179968
8244,2018,1,185358
8244,2018,2,199652
8244,2019,1,199216
8244,2019,2,199056
8244,2020,1,205859
8244,2020,2,206278
8244,2021,1,206555
8244,2021,2,213828
8244,2022,1,221858
8244,2022,2,227878
8244,2023,1,234222
8244,2023,2,240768
8244,2024,1,242587
8244,2024,2,243776
8244,2025,1,244717
8244,2025,2,249360
8244,2026,1,249822
8257,2017,2,205010
8257,2018,1,214690
8257,2018,2,228507
8257,2019,1,240346
8257,2019,2,261628
8257,2020,1,263992
8257,2020,2,267522
8257,2021,1,263081
8257,2021,2,272340
8257,2022,1,279912
8257,2022,2,292105
8257,2023,1,299140
8257,2023,2,314544
8257,2024,1,316876
8257,2024,2,322514
8257,2025,1,327381
8257,2025,2,333866
8257,2026,1,335319
8270,2010,1,101863
8270,2010,2,106627
8270,2011,1,108837
8270,2011,2,115183
8270,2012,1,120357
8270,2012,2,124244
8270,2013,1,126445
8270,2013,2,134188
8270,2014,1,134482
8270,2014,2,139356
8270,2015,1,141107
8270,2015,2,141478
8270,2016,1,151967
8270,2016,2,164000
8270,2017,1,170252
8270,2017,2,179744
8270,2018,1,191600
8270,2018,2,203354
8270,2019,1,211437
8270,2019,2,231347
8270,2020,1,237693
8270,2020,2,240324
8270,2021,1,241167
8270,2021,2,246849
8270,2022,1,249961
8270,2022,2,260292
8270,2023,1,265465
8270,2023,2,281158
8270,2024,1,281837
8270,2024,2,287871
8270,2025,1,289211
8270,2025,2,292729
8270,2026,1,294135
8283,2010,1,142295
8283,2010,2,146116
8283,2011,1,146732
8283,2011,2,157676
8283,2012,1,166496
8283,2012,2,170049
8283,2013,1,176596
8283,2013,2,182511
8283,2014,1,186606
8283,2014,2,202834
8283,2015,1,211751
8283,2015,2,219634
8283,2016,1,229801
8283,2016,2,244383
8283,2017,1,257066
8283,2017,2,269720
8283,2018,1,280556
8283,2018,2,297950
8283,2019,1,305887
8283,2019,2,320009
8283,2020,1,338501
8283,2020,2,348736
8283,2021,1,369045
8283,2021,2,388030
8283,2022,1,410051
8283,2022,2,429168
8283,2023,1,437936
8283,2023,2,451145
8283,2024,1,458700
8283,2024,2,474414
8283,2025,1,477832
8283,2025,2,483274
8283,2026,1,485075
8296,2010,1,94448
8296,2010,2,95213
8296,2011,1,96365
8296,2011,2,99928
8296,2012,1,102894
8296,2012,2,110727
8296,2013,1,111902
8296,2013,2,110360
8296,2014,1,105115
8296,2014,2,114347
8296,2015,1,115796
8296,2015,2,118066
8296,2016,1,122525
8296,2016,2,129804
8296,2017,1,134606
8296,2017,2,142317
8296,2018,1,149882
8296,2018,2,163904
8296,2019,1,167882
8296,2019,2,176693
8296,2020,1,179334
8296,2020,2,181699
8296,2021,1,187843
8296,2021,2,186456
8296,2022,1,184209
8296,2022,2,191040
8296,2023,1,194831
8296,2023,2,199797
8296,2024,1,200603
8296,2024,2,204830
8296,2025,1,206732
8296,2025,2,208590
8296,2026,1,209131
8297,2020,2,257972
8297,2021,1,265082
8297,2021,2,264217
8297,2022,1,260237
8297,2022,2,266992
8297,2023,1,266470
8297,2023,2,265252
8297,2024,1,262005
8297,2024,2,260378
8297,2025,2,265227
8297,2026,1,271869
8298,2020,2,207449
8298,2021,1,206730
8298,2021,2,206224
8298,2022,1,211437
8298,2022,2,214705
8298,2023,1,216510
8298,2023,2,214819
8298,2024,1,212228
8298,2024,2,215530
8298,2025,1,212471
8298,2025,2,216558
8298,2026,1,220394
8299,2020,2,176238
8299,2021,1,180381
8299,2021,2,177964
8299,2022,1,180523
8299,2022,2,181589
8299,2023,1,183604
8299,2023,2,185766
8299,2024,1,185082
8299,2024,2,185457
8299,2025,1,183944
8299,2025,2,186963
8299,2026,1,192523
8300,2020,2,146028
8300,2021,1,150360
8300,2021,2,149841
8300,2022,1,155277
8300,2022,2,158045
8300,2023,1,158227
8300,2023,2,157179
8300,2024,1,154726
8300,2024,2,158008
8300,2025,1,159901
8300,2025,2,161595
8300,2026,1,167155
8311,2025,1,253241
8311,2025,2,256409
8311,2026,1,257561
8312,2025,1,170990
8312,2025,2,171884
8312,2026,1,173784
8313,2025,1,264828
8313,2025,2,267829
8313,2026,1,266743
8314,2025,1,278476
8314,2025,2,272974
8314,2026,1,275072
8315,2025,1,411319
8315,2025,2,421317
8315,2026,1,426714
